x,y,z
0.0,-0.00030588,0.0
0.0,-0.00059166,0.0
0.0,-0.00094081,0.0
0.0,-0.00135377,0.0
0.0,-0.0016661900000000001,0.0
0.0,-0.00190989,0.0
0.0,-0.00208895,0.0
0.0,-0.00230522,0.0
0.0,-0.00253481,0.0
0.0,-0.0027975300000000003,0.0
0.0,-0.00307052,0.0
0.0,-0.0033332300000000004,0.0
0.0,-0.0035597100000000002,0.0
0.0,-0.00376544,0.0
0.0,-0.00396062,0.0
0.0,-0.00416671,0.0
0.0,-0.00437498,0.0
0.0,-0.0046091,0.0
0.0,-0.00488916,0.0
0.0,-0.00517724,0.0
0.0,-0.00546622,0.0
0.0,-0.00572808,0.0
0.0,-0.00606977,0.0
0.0,-0.0064422,0.0
0.0,-0.006824660000000001,0.0
0.0,-0.007226830000000001,0.0
0.0,-0.007649100000000001,0.0
0.0,-0.008079310000000001,0.0
0.0,-0.008470600000000002,0.0
0.0,-0.008838280000000002,0.0
0.0,-0.009152610000000002,0.0
0.0,-0.009378840000000003,0.0
0.0,-0.009558930000000004,0.0
0.0,-0.009715530000000003,0.0
0.0,-0.009872040000000004,0.0
0.0,-0.009982080000000004,0.0
0.0,-0.010082330000000004,0.0
0.0,-0.010174920000000004,0.0
0.0,-0.010310060000000005,0.0
0.0,-0.010469410000000005,0.0
0.0,-0.010675790000000006,0.0
0.0,-0.010918450000000007,0.0
0.0,-0.011175580000000006,0.0
0.0,-0.011427740000000006,0.0
0.0,-0.011687620000000006,0.0
0.0,-0.011939600000000007,0.0
0.0,-0.012187290000000007,0.0
0.0,-0.012421460000000007,0.0
0.0,-0.012730570000000007,0.0
0.0,-0.013021470000000007,0.0
0.0,-0.013238560000000007,0.0
0.0,-0.013414730000000007,0.0
0.0,-0.013576700000000008,0.0
0.0,-0.013771310000000007,0.0
0.0,-0.013978280000000008,0.0
0.0,-0.014213000000000009,0.0
0.0,-0.014420520000000008,0.0
0.0,-0.014597670000000007,0.0
0.0,-0.014745010000000006,0.0
0.0,-0.014834760000000006,0.0
0.0,-0.014886980000000006,0.0
0.0,-0.014928630000000007,0.0
0.0,-0.014976470000000007,0.0
0.0,-0.015086220000000008,0.0
0.0,-0.015208180000000009,0.0
0.0,-0.015335260000000009,0.0
0.0,-0.01548906000000001,0.0
0.0,-0.01567433000000001,0.0
0.0,-0.01592104000000001,0.0
0.0,-0.016323570000000013,0.0
0.0,-0.01685073000000001,0.0
0.0,-0.017454820000000013,0.0
0.0,-0.018075640000000014,0.0
0.0,-0.018597370000000016,0.0
0.0,-0.019010970000000016,0.0
0.0,-0.019337100000000017,0.0
0.0,-0.019585430000000018,0.0
0.0,-0.019831280000000017,0.0
0.0,-0.020171860000000017,0.0
0.0,-0.020505430000000015,0.0
0.0,-0.020876160000000015,0.0
0.0,-0.021201440000000016,0.0
0.0,-0.021567920000000015,0.0
0.0,-0.021994950000000013,0.0
0.0,-0.022465960000000014,0.0
0.0,-0.023063900000000016,0.0
0.0,-0.023774730000000015,0.0
0.0,-0.024567310000000016,0.0
0.0,-0.025309020000000015,0.0
0.0,-0.025842560000000014,0.0
0.0,-0.026398230000000016,0.0
0.0,-0.026785300000000015,0.0
0.0,-0.027196680000000015,0.0
0.0,-0.027628350000000013,0.0
0.0,-0.028183830000000014,0.0
0.0,-0.028780010000000016,0.0
0.0,-0.029462370000000015,0.0
0.0,-0.029960890000000014,0.0
0.0,-0.030485730000000013,0.0
0.0,-0.03108568000000001,0.0
0.0,-0.031572980000000014,0.0
0.0,-0.03202616000000001,0.0
0.0,-0.03259044000000001,0.0
0.0,-0.03327548000000001,0.0
0.0,-0.03423504000000001,0.0
0.0,-0.03492852000000001,0.0
0.0,-0.035261080000000014,0.0
0.0,-0.03558809000000002,0.0
0.0,-0.035771690000000016,0.0
0.0,-0.03598178000000002,0.0
0.0,-0.03621922000000002,0.0
0.0,-0.03655770000000002,0.0
0.0,-0.03699948000000002,0.0
0.0,-0.03746654000000002,0.0
0.0,-0.03784459000000002,0.0
0.0,-0.038213860000000016,0.0
0.0,-0.03859240000000001,0.0
0.0,-0.03886086000000001,0.0
0.0,-0.039052810000000014,0.0
0.0,-0.039159710000000014,0.0
0.0,-0.039325310000000016,0.0
0.0,-0.03956063000000001,0.0
0.0,-0.03987150000000001,0.0
0.0,-0.04028260000000001,0.0
0.0,-0.04072484000000001,0.0
0.0,-0.041033330000000014,0.0
0.0,-0.04106525000000001,0.0
0.0,-0.041404810000000014,0.0
0.00209908,-0.043534310000000014,0.0
0.00209908,-0.04358732000000001,0.0
0.00209908,-0.04329713000000001,0.0025220700000000004
0.00209908,-0.04156013000000001,0.01714937
0.00752882,-0.043439830000000006,0.03946722
0.00752882,-0.036585980000000004,0.07980894999999999
0.00752882,-0.03788031000000001,0.09893126999999999
0.01211605,-0.04116758000000001,0.12444485
0.02202982,-0.04357615000000001,0.15250867
0.018967229999999998,-0.04158775000000001,0.17966767
0.014778689999999997,-0.03815777000000001,0.2082076
0.011528689999999998,-0.036094730000000005,0.23114964
0.011528689999999998,-0.034883080000000004,0.24408434999999998
0.011528689999999998,-0.03220092,0.25915290999999996
0.011528689999999998,-0.028659,0.27634169999999997
0.014128179999999997,-0.02369929,0.29475376999999997
0.016169009999999998,-0.01832471,0.31400374
0.016169009999999998,-0.015139090000000001,0.32977115999999995
0.012460219999999998,-0.01085713,0.34829073999999993
0.008877159999999997,-0.0068219,0.3648073699999999
0.008877159999999997,-0.005720029999999999,0.3740037299999999
0.008877159999999997,-0.00753651,0.3774245699999999
0.006532079999999997,-0.00914963,0.38061287999999993
0.002960029999999997,-0.01049836,0.3862159499999999
-0.003264120000000003,-0.01024239,0.39617618999999993
-0.014103270000000005,-0.007021690000000001,0.4080109799999999
-0.024383390000000005,-0.005097130000000001,0.4158168199999999
-0.034405540000000005,-0.0010310300000000005,0.42445578999999994
-0.040267590000000006,0.0004021199999999995,0.42445578999999994
-0.046653780000000006,-0.00032870000000000045,0.42445578999999994
-0.053313570000000005,-0.0027242200000000003,0.42111329999999997
-0.060667740000000005,-0.006781840000000001,0.41626508999999995
-0.06946958,-0.010282490000000002,0.41350447999999995
-0.07805249,-0.010511340000000001,0.41795666
-0.08615752,-0.010881400000000001,0.41795666
-0.09510522,-0.01225093,0.41581241999999996
-0.1035759,-0.01283257,0.41581241999999996
-0.1096577,-0.01400553,0.41334312999999995
-0.11604621,-0.01662437,0.4090907999999999
-0.12329414,-0.01950344,0.4050942199999999
-0.13166364,-0.02071982,0.40235549999999987
-0.14103432,-0.0201077,0.40235549999999987
-0.15124775,-0.01788788,0.40007015999999984
-0.16284507999999998,-0.016506879999999998,0.3951687999999998
-0.17651407999999996,-0.015686929999999998,0.39033642999999985
-0.19078240999999996,-0.014688249999999998,0.38683080999999986
-0.20415081999999996,-0.013922429999999998,0.38442455999999986
-0.21686438999999996,-0.012472549999999997,0.38442455999999986
-0.22870874999999996,-0.010348199999999997,0.38442455999999986
-0.23828292999999995,-0.008760389999999996,0.38228904999999985
-0.24925614999999995,-0.008224509999999996,0.37874640999999987
-0.26058445999999996,-0.008105869999999996,0.37466036999999985
-0.27241284,-0.007812109999999996,0.3704193399999999
-0.28524717,-0.007165339999999997,0.36801691999999986
-0.29629403,-0.0062469999999999965,0.36801691999999986
-0.30393843,-0.005589759999999997,0.36801691999999986
-0.30908376,-0.0065182199999999964,0.36557000999999983
-0.31457694999999997,-0.008637969999999997,0.3632433099999998
-0.31907292,-0.011086759999999998,0.3632433099999998
-0.32269737,-0.013803179999999998,0.3632433099999998
-0.32651154,-0.016427309999999997,0.3632433099999998
-0.33066577999999996,-0.018430359999999996,0.3632433099999998
-0.33375897,-0.019965109999999998,0.3632433099999998
-0.33682432,-0.0220502,0.3632433099999998
-0.34080013000000003,-0.02273286,0.3668047099999998
-0.34563738000000005,-0.02386778,0.3668047099999998
-0.35183187000000005,-0.02380275,0.37203311999999983
-0.35849971,-0.022314470000000003,0.37986827999999984
-0.36356395,-0.022055590000000003,0.3845500499999998
-0.36951763000000004,-0.021820780000000005,0.3881444499999998
-0.37478245000000004,-0.022203800000000006,0.3881444499999998
-0.38218334000000004,-0.023158770000000006,0.3881444499999998
-0.38976218,-0.024603380000000005,0.3881444499999998
-0.39915751,-0.025123430000000006,0.3928582699999998
-0.40880558,-0.024538560000000004,0.39936273999999977
-0.42032843,-0.023568830000000006,0.40772756999999976
-0.43733624,-0.020202070000000006,0.42300932999999974
-0.45842192,-0.016488060000000006,0.4400337599999997
-0.47886569,-0.013964500000000005,0.4540404399999997
-0.49892505000000004,-0.013036300000000004,0.4628827999999997
-0.51848196,-0.013262690000000004,0.4676312099999997
-0.53829183,-0.011707350000000004,0.4754148699999997
-0.5560334800000001,-0.009805510000000003,0.4836005899999997
-0.5732453700000001,-0.007923210000000003,0.49052177999999974
-0.59389252,-0.006418930000000003,0.49378862999999973
-0.61188263,-0.0038136500000000035,0.4990513899999997
-0.62736565,-0.0037939400000000035,0.5011275699999997
-0.64125351,-0.007512920000000004,0.49897326999999975
-0.65496283,-0.012132290000000004,0.4958773499999998
-0.66797468,-0.016218380000000004,0.4958773499999998
-0.6777355,-0.022675910000000004,0.4958773499999998
-0.6862320500000001,-0.030151500000000005,0.4935120899999998
-0.6941861000000001,-0.03750271000000001,0.4904336099999998
-0.7025609400000001,-0.04409938000000001,0.4874375299999998
-0.7115350000000001,-0.050229970000000006,0.4874375299999998
-0.7186898600000001,-0.05386213000000001,0.4902347999999998
-0.7237575300000001,-0.05757261000000001,0.4930478199999998
-0.7303288900000001,-0.06301914000000002,0.4930478199999998
-0.7393709500000001,-0.06921233000000002,0.4930478199999998
-0.7463223500000001,-0.07638348000000002,0.4882815199999998
-0.7520427300000001,-0.08444143000000001,0.4820130099999998
-0.7567918100000001,-0.09252484000000001,0.4764319899999998
-0.75924625,-0.10121347000000001,0.4705519899999998
-0.76208065,-0.10896015000000002,0.4659083599999998
-0.76515953,-0.11515288000000001,0.4616381699999998
-0.77039409,-0.12121459000000001,0.4575141299999998
-0.77733409,-0.12644201000000002,0.4575141299999998
-0.78421464,-0.13067279,0.4575141299999998
-0.7918429899999999,-0.13376128,0.4575141299999998
-0.8018710199999999,-0.13626339,0.4575141299999998
-0.8123442699999999,-0.13780755,0.4575141299999998
-0.8223580399999999,-0.13928088,0.4575141299999998
-0.83302428,-0.14187056,0.4575141299999998
-0.8429166699999999,-0.14532714,0.4575141299999998
-0.85419638,-0.14874234,0.4595476599999998
-0.86334095,-0.15429197,0.4595476599999998
-0.87146556,-0.16421371,0.4554956699999998
-0.8800689899999999,-0.17281506000000002,0.4487446099999998
-0.88915097,-0.17992312000000002,0.4373685399999998
-0.90389526,-0.19536309000000002,0.4373685399999998
-0.91123102,-0.20280983000000002,0.4334758699999998
-0.91935726,-0.21109458000000003,0.4252611699999998
-0.92909177,-0.22040983000000003,0.4190702799999998
-0.9375120499999999,-0.23036194000000004,0.4132842099999998
-0.9442023099999999,-0.24105738000000004,0.4064976499999998
-0.9507108899999999,-0.25230228000000005,0.39864902999999985
-0.9575322999999999,-0.26468949,0.38965394999999986
-0.9646177499999999,-0.27804755000000003,0.38052419999999987
-0.97002901,-0.29301741000000003,0.3695970199999999
-0.97737962,-0.30830146,0.3561464099999999
-0.98737297,-0.32408812000000004,0.34243131999999993
-0.99908781,-0.34027689000000005,0.32779752999999995
-1.0122465,-0.35718298000000004,0.3119244299999999
-1.02667559,-0.37464807000000006,0.2962130699999999
-1.03928995,-0.39130651000000005,0.2844941999999999
-1.04983998,-0.40604153000000004,0.27316384999999993
-1.06165262,-0.42041228,0.2616311499999999
-1.07429174,-0.43206298000000004,0.2525646899999999
-1.08593147,-0.44671493000000007,0.24281029999999992
-1.09961658,-0.45971149000000006,0.23411944999999992
-1.11072603,-0.47076501000000004,0.22624034999999992
-1.12266972,-0.48098415000000005,0.21827154999999993
-1.1341651,-0.49014878000000006,0.21175071999999992
-1.1461576299999998,-0.49832873000000005,0.20883270999999992
-1.15600899,-0.5045417900000001,0.20883270999999992
-1.1641491099999999,-0.5094834100000001,0.20883270999999992
-1.1703680399999998,-0.5147859600000001,0.20883270999999992
-1.1747123899999998,-0.51953674,0.20616623999999992
-1.1798369199999998,-0.5260513400000001,0.20616623999999992
-1.1847856799999998,-0.5319367700000001,0.2027689199999999
-1.18813617,-0.53668592,0.2000062799999999
-1.19126461,-0.54176374,0.1963932199999999
-1.19483057,-0.5470427600000001,0.1925908599999999
-1.19838783,-0.5519912800000001,0.1879948299999999
-1.2028317899999998,-0.5573315500000001,0.18284749999999989
-1.2077387899999998,-0.5629787100000001,0.17751612999999988
-1.2128599399999997,-0.5683683400000001,0.17269524999999988
-1.2174005699999997,-0.5732744000000002,0.1687076699999999
-1.2218641399999997,-0.5785624600000002,0.1627993699999999
-1.2287659999999996,-0.5850300500000002,0.1543094599999999
-1.2389489399999996,-0.5926049700000002,0.1451143299999999
-1.2506545799999995,-0.6000693600000002,0.1375152099999999
-1.2619617199999995,-0.6067840300000003,0.1303362799999999
-1.2753637399999995,-0.6135835900000003,0.12241401999999989
-1.2896129099999996,-0.6210775200000003,0.11564758999999988
-1.3025275399999996,-0.6289084000000003,0.10957659999999989
-1.3138914299999995,-0.6369495000000003,0.10486247999999988
-1.3250953299999995,-0.6443220700000003,0.10046222999999989
-1.3390236099999995,-0.6503504900000003,0.09793376999999989
-1.3541205699999994,-0.6548674300000004,0.09793376999999989
-1.3704765999999995,-0.6581242300000003,0.1018421499999999
-1.3874949599999995,-0.6608557500000003,0.1077098999999999
-1.4034060299999995,-0.6633932400000003,0.1115833999999999
-1.4185004099999996,-0.6664811600000003,0.1144372099999999
-1.4351204199999996,-0.6705385800000003,0.1199618899999999
-1.4532227699999996,-0.6728363400000004,0.1301460599999999
-1.4727193799999996,-0.6736268700000003,0.1404419299999999
-1.4922914099999995,-0.6747672300000003,0.1480271299999999
-1.5117490399999995,-0.6750037900000003,0.1541707699999999
-1.5300925199999995,-0.6755891500000003,0.1647362199999999
-1.5496874899999995,-0.6767117400000003,0.1756090999999999
-1.5672538699999996,-0.6769049000000004,0.1855697399999999
-1.5855252799999997,-0.6771306200000003,0.19353813999999991
-1.6031181599999997,-0.6774048400000003,0.19981961999999992
-1.6151787499999997,-0.6794973000000003,0.20236659999999992
-1.6252819299999997,-0.6822327000000004,0.20607894999999993
-1.6349997799999996,-0.6853906000000004,0.21120185999999994
-1.6460595299999996,-0.6867538900000004,0.22196927999999994
-1.6596482899999996,-0.6850668100000005,0.23521008999999993
-1.6788923799999995,-0.6801919600000005,0.24606196999999994
-1.6966235899999995,-0.6747235200000005,0.2568885699999999
-1.7117115799999996,-0.6715503300000004,0.2677764899999999
-1.7251216199999995,-0.6708815400000004,0.28119591999999993
-1.7352594399999994,-0.6732069500000004,0.2918190299999999
-1.7401523299999995,-0.6768340000000004,0.29920698999999995
-1.7459830199999995,-0.6807896500000004,0.3070848199999999
-1.7556386599999996,-0.6811715400000004,0.3175234899999999
-1.7662559099999995,-0.6802921300000003,0.3268317499999999
-1.7777452699999994,-0.6793460600000003,0.33365865999999994
-1.7901533299999994,-0.6782435100000003,0.34075588999999995
-1.8024481099999994,-0.6754623200000003,0.35418040999999995
-1.8165329899999993,-0.6715442300000003,0.3717265699999999
-1.8309970599999994,-0.6666409200000003,0.3886885699999999
-1.8434212599999995,-0.6610530600000003,0.4054824899999999
-1.8562392499999996,-0.6557651500000004,0.4213309499999999
-1.8678630299999996,-0.6519408100000004,0.43455274999999993
-1.8756985699999997,-0.6496839800000004,0.4470572199999999
-1.8832202199999997,-0.6477733400000004,0.45853125999999994
-1.8908811799999996,-0.6452175400000004,0.46942070999999996
-1.9025236199999995,-0.6399595500000004,0.48514097999999994
-1.9154487899999995,-0.6324210600000004,0.5018014599999999
-1.9283289899999994,-0.6229846900000005,0.5187017199999999
-1.9399244999999994,-0.6131357600000005,0.5336183999999999
-1.9479372299999993,-0.6064444800000005,0.5384977099999999
-1.9562220299999993,-0.6008310100000005,0.5433209499999999
-1.9635569899999992,-0.5951092600000005,0.55295513
-1.973165599999999,-0.5887026500000005,0.56263968
-1.983630369999999,-0.5817667800000006,0.57125039
-1.989606229999999,-0.5782245300000006,0.58022326
-1.996797159999999,-0.5746110200000006,0.58965492
-2.003732049999999,-0.5703579900000006,0.6005622199999999
-2.013842119999999,-0.5646914800000007,0.6119312899999999
-2.0254155799999993,-0.5583121300000007,0.6251806699999999
-2.035678629999999,-0.5535923900000007,0.6372632799999999
-2.040721099999999,-0.5533705100000007,0.6451414699999999
-2.046609799999999,-0.5534575200000007,0.6548034199999999
-2.0502220999999987,-0.5528938300000007,0.6636490299999999
-2.0502220999999987,-0.5521553900000007,0.6724961999999999
-2.0502220999999987,-0.5531445900000007,0.6784660999999998
-2.0502220999999987,-0.5528677700000008,0.6853378199999999
-2.0502220999999987,-0.5528930400000007,0.6907362699999999
-2.047779229999999,-0.5525963300000007,0.6964115399999999
-2.047779229999999,-0.5536953600000007,0.70169222
-2.047779229999999,-0.5542185400000007,0.70696491
-2.047779229999999,-0.5549723400000007,0.7120414199999999
-2.047779229999999,-0.5564273900000007,0.7169732299999999
-2.045234049999999,-0.5567551000000007,0.7224798199999999
-2.042810829999999,-0.5577831700000008,0.7275671899999999
-2.040531289999999,-0.5585488000000007,0.7331070099999999
-2.0372014699999994,-0.5587202600000007,0.7391309599999999
-2.0326681299999994,-0.5584659100000008,0.7453101399999998
-2.0260295199999994,-0.5580428300000008,0.7529033199999998
-2.0180279099999994,-0.5569668500000008,0.7620546799999999
-2.0111305199999996,-0.5574316000000008,0.7721770099999998
-2.0048506799999997,-0.5578673100000008,0.7812071999999999
-1.9996506899999997,-0.5581645400000008,0.7894655299999999
-1.9956369999999997,-0.5582920400000008,0.7971355499999999
-1.9897890999999996,-0.5576854100000007,0.8043798299999999
-1.9832994699999997,-0.5558914100000008,0.8123942699999999
-1.9767156299999997,-0.5539312200000007,0.8211587999999999
-1.9693807499999998,-0.5520591600000008,0.8297824199999999
-1.9626276399999998,-0.5507791100000008,0.8377266299999999
-1.9562987399999998,-0.5492752700000008,0.8459364899999999
-1.9511939399999998,-0.5472611800000008,0.8548161999999999
-1.9449940599999997,-0.5465009200000008,0.8618635599999999
-1.9396087799999997,-0.5442839700000008,0.8705964899999998
-1.9326443399999997,-0.5420036200000008,0.8802002399999999
-1.9258007599999998,-0.5400833700000008,0.8895564499999998
-1.9192568999999997,-0.5382123300000008,0.8976646799999999
-1.9143319899999998,-0.5372382900000008,0.9015858199999999
-1.9113367699999997,-0.5349125300000008,0.9070736199999999
-1.9082292999999997,-0.5328938200000009,0.9124919499999999
-1.9054344399999996,-0.5309660400000008,0.9174980699999999
-1.9031610499999996,-0.5297043700000008,0.9224445899999999
-1.8997394799999996,-0.5283479400000008,0.9293103199999999
-1.8944399899999995,-0.5267454900000008,0.9358016499999999
-1.8895146299999994,-0.5250381400000008,0.9420525099999999
-1.8851219499999994,-0.5239259000000008,0.9467364699999999
-1.8814840399999995,-0.5225140000000008,0.9515566299999999
-1.8794017899999995,-0.5219818200000008,0.9541602499999999
-1.8794017899999995,-0.5211612300000008,0.9570166899999999
-1.8766565499999994,-0.5198079100000008,0.9599111899999999
-1.8745692799999993,-0.5181498400000009,0.9638693999999999
-1.8721579799999994,-0.5175352700000009,0.9638693999999999
-1.8721579799999994,-0.5167515900000009,0.9638693999999999
-1.8721579799999994,-0.5160943300000009,0.9638693999999999
-1.8721579799999994,-0.5163710700000009,0.9638693999999999
-1.8721579799999994,-0.516356160000001,0.9638693999999999
-1.8721579799999994,-0.507314920000001,0.9835456799999999
-1.8636485699999994,-0.517214800000001,0.9914309099999998
-1.8425664699999993,-0.5204678000000009,1.0257687699999998
-1.8295217599999993,-0.5218646400000009,1.0366683799999998
-1.8218330799999993,-0.5222355000000009,1.0366683799999998
-1.8218330799999993,-0.5223846200000009,1.0366683799999998
-1.8218330799999993,-0.5219817500000008,1.0366683799999998
-1.8218330799999993,-0.5215542000000007,1.0366683799999998
-1.8218330799999993,-0.5211775100000008,1.0366683799999998
-1.8218330799999993,-0.5201795300000008,1.0366683799999998
-1.8218330799999993,-0.5198431200000009,1.0366683799999998
-1.8218330799999993,-0.5192729500000008,1.0366683799999998
-1.8218330799999993,-0.5183660200000009,1.0366683799999998
-1.8218330799999993,-0.5180439400000009,1.0366683799999998
-1.8218330799999993,-0.5178315500000009,1.0366683799999998
-1.8218330799999993,-0.517621900000001,1.0366683799999998
-1.8218330799999993,-0.516963610000001,1.0366683799999998
-1.8218330799999993,-0.5163494200000011,1.0366683799999998
-1.8218330799999993,-0.515819620000001,1.0366683799999998
-1.8218330799999993,-0.515329810000001,1.0366683799999998
-1.8218330799999993,-0.514704840000001,1.0366683799999998
-1.8218330799999993,-0.5140856800000011,1.0366683799999998
-1.8218330799999993,-0.5134564500000011,1.0366683799999998
-1.8218330799999993,-0.5128579400000011,1.0366683799999998
-1.8218330799999993,-0.5117811000000011,1.0366683799999998
-1.8218330799999993,-0.5110269000000011,1.0366683799999998
-1.8218330799999993,-0.5101062900000011,1.0366683799999998
-1.8218330799999993,-0.5094540100000011,1.0366683799999998
-1.8218330799999993,-0.5089880700000011,1.0366683799999998
-1.8218330799999993,-0.5083426000000011,1.0366683799999998
-1.8218330799999993,-0.5076748600000011,1.0366683799999998
-1.8218330799999993,-0.5070783400000011,1.0366683799999998
-1.8218330799999993,-0.506537400000001,1.0366683799999998
-1.8218330799999993,-0.506074600000001,1.0366683799999998
-1.8218330799999993,-0.5055582700000011,1.0366683799999998
-1.8218330799999993,-0.5052581500000011,1.0366683799999998
-1.8218330799999993,-0.504803030000001,1.0366683799999998
-1.8218330799999993,-0.504540510000001,1.0366683799999998
-1.8218330799999993,-0.504333260000001,1.0366683799999998
-1.8218330799999993,-0.505145850000001,1.0366683799999998
-1.8248430999999994,-0.510492610000001,1.0327399099999999
-1.8248430999999994,-0.510288190000001,1.0327399099999999
-1.8292767599999993,-0.5164491400000011,1.0271376799999998
-1.8292767599999993,-0.5141701000000011,1.0271376799999998
-1.8239611499999993,-0.510746070000001,1.02964168
-1.8203432699999993,-0.509319040000001,1.02964168
-1.8230429899999994,-0.514821410000001,1.0254275099999999
-1.8230429899999994,-0.514756760000001,1.0254275099999999
-1.8230429899999994,-0.5144836300000011,1.0254275099999999
-1.8204354499999993,-0.513369610000001,1.0278256899999998
-1.8204354499999993,-0.515695240000001,1.0278256899999998
-1.8204354499999993,-0.517147430000001,1.0278256899999998
-1.8204354499999993,-0.5182278700000009,1.0278256899999998
-1.8204354499999993,-0.5200034200000009,1.0278256899999998
-1.8204354499999993,-0.5220046600000009,1.0278256899999998
-1.8204354499999993,-0.5230282200000009,1.0278256899999998
-1.8234127299999994,-0.5255115500000009,1.0226568899999997
-1.8283178899999994,-0.5284742900000009,1.0204373499999997
-1.8323098199999994,-0.5321353500000009,1.0171223399999998
-1.8360455699999993,-0.5345716000000009,1.0171223399999998
-1.8360455699999993,-0.5349560000000009,1.0171223399999998
-1.8360455699999993,-0.5349724700000009,1.0171223399999998
-1.8360455699999993,-0.5342133100000009,1.0171223399999998
-1.8360455699999993,-0.535386760000001,1.0171223399999998
-1.8327506999999994,-0.534170740000001,1.0171223399999998
-1.8299012999999995,-0.531768170000001,1.0171223399999998
-1.8251563799999995,-0.528818390000001,1.0171223399999998
-1.8251563799999995,-0.528996720000001,1.0171223399999998
-1.8221912799999995,-0.5274250000000009,1.0171223399999998
-1.8181463599999996,-0.5253797000000009,1.0171223399999998
-1.8121415699999996,-0.5236529700000009,1.0171223399999998
-1.8092071299999997,-0.5229000700000009,1.0171223399999998
-1.8050759299999997,-0.520855420000001,1.0171223399999998
-1.8015110899999998,-0.517540730000001,1.0207293299999998
-1.7976821699999999,-0.515261480000001,1.0207293299999998
-1.7976821699999999,-0.515407020000001,1.0207293299999998
-1.7999275,-0.5193540600000011,1.0207293299999998
-1.7999275,-0.5160878400000011,1.0207293299999998
-1.7963439399999999,-0.5083872800000011,1.0264844499999997
-1.78723412,-0.5056761400000012,1.0264844499999997
-1.78723412,-0.5054518000000011,1.0264844499999997
-1.78723412,-0.5070487500000012,1.0264844499999997
-1.78723412,-0.5078957100000011,1.0264844499999997
-1.78453738,-0.5056083800000011,1.0264844499999997
-1.78453738,-0.5088686400000011,1.0239768099999997
-1.78832111,-0.5090980400000011,1.0239768099999997
-1.78832111,-0.5091878500000011,1.0239768099999997
-1.78832111,-0.5098246100000011,1.0239768099999997
-1.78832111,-0.5087882100000011,1.0288704799999997
-1.78369547,-0.5064140100000011,1.0288704799999997
-1.78932797,-0.5122754300000011,1.0258788499999998
-1.78932797,-0.5126284400000011,1.0258788499999998
-1.78932797,-0.509214280000001,1.0302571099999998
-1.78673048,-0.507082380000001,1.0302571099999998
-1.78088345,-0.501369880000001,1.0338922299999997
-1.78088345,-0.501294040000001,1.0338922299999997
-1.77618849,-0.499526860000001,1.0338922299999997
-1.77299823,-0.49582771000000103,1.0361552199999997
-1.77087775,-0.49572826000000103,1.0361552199999997
-1.77087775,-0.494895360000001,1.0361552199999997
-1.76708263,-0.494480370000001,1.0361552199999997
-1.76449615,-0.490180890000001,1.0396146099999997
-1.76032199,-0.485407950000001,1.0433460899999996
-1.75122085,-0.490444010000001,1.0433460899999996
-1.74363471,-0.486625280000001,1.0489899399999996
-1.74916391,-0.48445289000000097,1.0529868299999996
-1.74916391,-0.48417726000000094,1.0529868299999996
-1.74210546,-0.47802549000000094,1.0576916299999997
-1.73907223,-0.47487686000000096,1.0601676699999996
-1.73201296,-0.47192562000000093,1.0601676699999996
-1.72538781,-0.46978298000000096,1.0601676699999996
-1.72918489,-0.470776730000001,1.0601676699999996
-1.73259971,-0.47399928000000097,1.0601676699999996
-1.73259971,-0.47452186000000096,1.0575514199999996
-1.73259971,-0.47306251000000094,1.0607324599999997
-1.73259971,-0.47106617000000095,1.0628355699999996
-1.72960099,-0.46778741000000096,1.0655565499999997
-1.72600483,-0.46456266000000096,1.0655565499999997
-1.7228147,-0.46200012000000096,1.0655565499999997
-1.71938919,-0.46045128000000096,1.0655565499999997
-1.71636302,-0.45946609000000094,1.0655565499999997
-1.71636302,-0.45883617000000093,1.0655565499999997
-1.71636302,-0.4601205400000009,1.0655565499999997
-1.71636302,-0.4622976200000009,1.0632102599999997
-1.71846448,-0.46417820000000093,1.0632102599999997
-1.71846448,-0.46494940000000096,1.0632102599999997
-1.71846448,-0.464883450000001,1.0632102599999997
-1.71846448,-0.464576230000001,1.0632102599999997
-1.71846448,-0.46422137000000097,1.0632102599999997
-1.71846448,-0.46440012000000097,1.0632102599999997
-1.71846448,-0.46422076000000095,1.0632102599999997
-1.71846448,-0.46377382000000095,1.0632102599999997
-1.71846448,-0.46025259000000096,1.0632102599999997
-1.7151451199999999,-0.457507570000001,1.0597992599999997
-1.71155752,-0.45130606000000095,1.0671414399999997
-1.70671646,-0.449095300000001,1.0671414399999997
-1.70671646,-0.44894365000000097,1.0671414399999997
-1.70671646,-0.44947804000000097,1.0671414399999997
-1.70671646,-0.45052540000000096,1.0693872499999997
-1.70671646,-0.44966197000000097,1.0693872499999997
-1.70671646,-0.447232170000001,1.0693872499999997
-1.70671646,-0.445491060000001,1.0693872499999997
-1.70671646,-0.443905380000001,1.0693872499999997
-1.70671646,-0.442447140000001,1.0693872499999997
-1.70671646,-0.441223870000001,1.0693872499999997
-1.70671646,-0.44016173000000103,1.0693872499999997
-1.70671646,-0.438803160000001,1.0693872499999997
-1.70671646,-0.43762794000000105,1.0693872499999997
-1.70671646,-0.43614685000000103,1.0693872499999997
-1.70671646,-0.43464996000000106,1.0693872499999997
-1.70671646,-0.43334261000000107,1.0693872499999997
-1.70671646,-0.43264439000000104,1.0693872499999997
-1.70671646,-0.43208054000000107,1.0693872499999997
-1.70671646,-0.43141486000000107,1.0693872499999997
-1.70671646,-0.43057495000000107,1.0693872499999997
-1.70671646,-0.4295129100000011,1.0693872499999997
-1.70671646,-0.4284021600000011,1.0693872499999997
-1.70671646,-0.4271297100000011,1.0693872499999997
