Yaw,Roll,Pitch,x,y,z
213,-0.625,-4.3125,-0.015,-0.030588,-0.0085
213,-0.625,-4.3125,-0.008862,-0.028578,-0.017456
213,-0.625,-4.375,-0.019651,-0.034915,-0.029523
213,-0.625,-4.375,-0.026755,-0.041296,-0.026153
213,-0.625,-4.375,-0.022423,-0.031242,-0.01947
213,-0.625,-4.375,-0.018216,-0.02437,-0.014588
213,-0.625,-4.3125,-0.01404,-0.017906,-0.01089
213,-0.625,-4.3125,-0.016048,-0.021627,-0.012208
213,-0.625,-4.3125,-0.016306,-0.022959,-0.015273
213,-0.625,-4.3125,-0.017937,-0.026272,-0.016092
213,-0.625,-4.3125,-0.018769,-0.027299,-0.015626
213,-0.625,-4.25,-0.018471,-0.026271,-0.016709
213,-0.625,-4.25,-0.018238,-0.022648,-0.017242
213,-0.625,-4.25,-0.018543,-0.020573,-0.014234
213,-0.625,-4.25,-0.01477,-0.019518,-0.010846
213,-0.625,-4.25,-0.016442,-0.020609,-0.010189
213,-0.625,-4.25,-0.013265,-0.020827,-0.011556
213,-0.625,-4.25,-0.015694,-0.023412,-0.017719
213,-0.625,-4.25,-0.02007,-0.028006,-0.019951
213,-0.625,-4.25,-0.01889,-0.028808,-0.01944
213,-0.625,-4.25,-0.017291,-0.028898,-0.018937
213,-0.625,-4.25,-0.014397,-0.026186,-0.020685
213,-0.625,-4.25,-0.021758,-0.034169,-0.025649
213,-0.625,-4.25,-0.027321,-0.037243,-0.029671
213,-0.625,-4.25,-0.027442,-0.038246,-0.032811
213,-0.625,-4.3125,-0.032502,-0.040217,-0.032976
213,-0.625,-4.3125,-0.03582,-0.042227,-0.033902
213,-0.625,-4.3125,-0.037709,-0.043021,-0.032627
213,-0.625,-4.3125,-0.035597,-0.039129,-0.031304
213,-0.625,-4.3125,-0.033225,-0.036768,-0.025824
213,-0.625,-4.3125,-0.028329,-0.031433,-0.020917
213,-0.625,-4.3125,-0.020822,-0.022623,-0.014393
213,-0.625,-4.3125,-0.014927,-0.018009,-0.013882
213,-0.625,-4.3125,-0.013548,-0.01566,-0.011344
213,-0.625,-4.3125,-0.012824,-0.015651,-0.008427
213,-0.625,-4.3125,-0.007731,-0.011004,-0.005503
213,-0.625,-4.3125,-0.006681,-0.010025,-0.004606
213,-0.625,-4.3125,-0.005854,-0.009259,-0.003896
213,-0.625,-4.3125,-0.007631,-0.013514,-0.008107
213,-0.625,-4.3125,-0.010899,-0.015935,-0.011939
213,-0.625,-4.3125,-0.013506,-0.020638,-0.011762
213,-0.625,-4.3125,-0.015425,-0.024266,-0.012835
213,-0.625,-4.3125,-0.019092,-0.025713,-0.014222
213,-0.625,-4.3125,-0.018385,-0.025216,-0.013565
213,-0.625,-4.3125,-0.017871,-0.025988,-0.01732
213,-0.625,-4.3125,-0.017631,-0.025198,-0.017159
213,-0.625,-4.3125,-0.018566,-0.024769,-0.018173
213,-0.625,-4.3125,-0.016298,-0.023417,-0.020083
213,-0.625,-4.3125,-0.021999,-0.030911,-0.022974
213,-0.625,-4.3125,-0.021647,-0.02909,-0.01829
213,-0.625,-4.3125,-0.016322,-0.021709,-0.013536
213,-0.625,-4.3125,-0.013168,-0.017617,-0.012194
213,-0.625,-4.3125,-0.012936,-0.016197,-0.014798
213,-0.625,-4.3125,-0.016042,-0.019461,-0.013262
213,-0.625,-4.3125,-0.016308,-0.020697,-0.013999
213,-0.625,-4.3125,-0.018923,-0.023472,-0.014223
213,-0.625,-4.3125,-0.016733,-0.020752,-0.011516
213,-0.625,-4.3125,-0.015334,-0.017715,-0.011487
213,-0.625,-4.3125,-0.013237,-0.014734,-0.006729
213,-0.625,-4.3125,-0.007941,-0.008975,-0.003409
213,-0.625,-4.3125,-0.003963,-0.005222,0.000417
213,-0.625,-4.3125,-0.001204,-0.004165,-0.002329
213,-0.625,-4.3125,-0.002895,-0.004784,-0.003772
213,-0.625,-4.3125,-0.005499,-0.010975,-0.003864
213,-0.625,-4.3125,-0.005123,-0.012196,-0.008759
213,-0.625,-4.3125,-0.008859,-0.012708,-0.009437
213,-0.625,-4.3125,-0.011015,-0.01538,-0.011148
213,-0.625,-4.3125,-0.014188,-0.018527,-0.009893
213,-0.625,-4.3125,-0.016082,-0.024671,-0.020294
213,-0.625,-4.3125,-0.027981,-0.040253,-0.027992
213,-0.625,-4.3125,-0.037793,-0.052716,-0.037847
213,-0.625,-4.3125,-0.045105,-0.060409,-0.039238
213,-0.625,-4.3125,-0.047094,-0.062082,-0.039363
213,-0.625,-4.3125,-0.039467,-0.052173,-0.037645
213,-0.625,-4.3125,-0.032141,-0.04136,-0.027811
213,-0.625,-4.3125,-0.022574,-0.032613,-0.021854
213,-0.625,-4.3125,-0.013704,-0.024833,-0.01369
213,-0.625,-4.3125,-0.007871,-0.024585,-0.018438
213,-0.625,-4.3125,-0.017336,-0.034058,-0.017815
213,-0.625,-4.3125,-0.016717,-0.033357,-0.020611
213,-0.625,-4.3125,-0.026103,-0.037073,-0.021565
213,-0.625,-4.3125,-0.024155,-0.032528,-0.017113
213,-0.625,-4.3125,-0.022921,-0.036648,-0.014203
213,-0.625,-4.3125,-0.02422,-0.042703,-0.020535
213,-0.625,-4.3125,-0.025439,-0.047101,-0.034619
213,-0.625,-4.3125,-0.03704,-0.059794,-0.050453
213,-0.625,-4.3125,-0.050386,-0.071083,-0.057778
213,-0.625,-4.3125,-0.052215,-0.079258,-0.048931
213,-0.625,-4.3125,-0.047315,-0.074171,-0.042304
213,-0.625,-4.3125,-0.024634,-0.053354,-0.044899
213,-0.625,-4.3125,-0.035298,-0.055567,-0.007364
213,-0.625,-4.3125,-0.003724,-0.038707,-0.01908
213,-0.625,-4.3125,-0.01541,-0.041138,-0.003365
213,-0.625,-4.3125,-0.012824,-0.043167,-0.028902
213,-0.625,-4.3125,-0.029103,-0.055548,-0.042559
213,-0.625,-4.3125,-0.038832,-0.059618,-0.046972
213,-0.625,-4.3125,-0.041224,-0.068236,-0.022422
213,-0.625,-4.3125,-0.017847,-0.049852,-0.013142
213,-0.625,-4.3125,-0.014586,-0.052484,-0.025841
213,-0.625,-4.3125,-0.028712,-0.059995,-0.010502
213,-0.625,-4.3125,-0.019366,-0.04873,-0.008519
213,-0.625,-4.3125,-0.019867,-0.045318,-0.008673
213,-0.625,-4.3125,-0.023883,-0.056428,-0.038539
213,-0.625,-4.3125,-0.038824,-0.068504,-0.090672
213,-0.625,-4.3125,-0.083153,-0.095956,-0.057915
213,-0.625,-4.3125,-0.050644,-0.069348,-0.021162
213,-0.625,-4.3125,-0.018797,-0.033256,-0.01212
213,-0.625,-4.3125,-0.013508,-0.032701,-0.003514
213,-0.625,-4.3125,0.000696,-0.01836,-0.00388
213,-0.625,-4.3125,-0.003252,-0.021009,-0.004427
213,-0.625,-4.3125,-0.006831,-0.023744,-0.007122
213,-0.625,-4.3125,-0.010602,-0.033848,-0.022386
213,-0.625,-4.3125,-0.022025,-0.044178,-0.033067
213,-0.625,-4.3125,-0.031149,-0.046706,-0.023464
213,-0.625,-4.3125,-0.021353,-0.037805,-0.023482
213,-0.5625,-4.25,-0.022963,-0.036927,-0.019572
213,-0.5625,-4.25,-0.021098,-0.037854,-0.014267
213,-0.5625,-4.25,-0.013592,-0.026846,-0.007567
213,-0.5625,-4.25,-0.004895,-0.019195,-0.015067
213,-0.5625,-4.25,-0.0079,-0.01069,-0.00828
213,-0.5,-4.1875,-0.007385,-0.01656,-0.012718
213,-0.5,-4.1875,-0.011429,-0.023532,-0.016809
213,-0.5,-4.1875,-0.016084,-0.031087,-0.023049
213,-0.5,-4.125,-0.023844,-0.04111,-0.031247
213,-0.4375,-4.125,-0.031092,-0.044224,-0.014854
213,-0.4375,-4.125,-0.014117,-0.030849,0.002081
213,-0.3125,-4.125,0.005173,-0.003192,0.005913
213,-0.25,-4.125,0.02743,-0.033956,-0.015733
213,-0.1875,-4.1875,0.209908,-0.21295,0.176315
212.75,0,-4.125,0.075597,-0.005301,-0.022022
212.375,0.3125,-4.0625,0.001726,0.029019,0.252207
211.9375,0.4375,-3.625,-0.007977,0.1737,1.46273
211.6875,0,-3.5,0.542974,-0.18797,2.231785
211.875,-0.875,-3.625,0.164198,0.685385,4.034173
213.0625,-1.875,-3.625,-0.124216,-0.129433,1.912232
213.3125,-1.875,-3.6875,0.458723,-0.328727,2.551358
213.4375,-1.8125,-3.875,0.991377,-0.240857,2.806382
213.5,-1.375,-4,-0.306259,0.19884,2.7159
213.5,-0.8125,-4.1875,-0.418854,0.342998,2.853993
213.5625,-0.1875,-4.3125,-0.325,0.206304,2.294204
213.4375,0.5,-4.5,0.177682,0.121165,1.293471
213.25,2,-4.8125,0.071571,0.268216,1.506856
213.125,2.8125,-5,0.03762,0.354192,1.718879
213.0625,3.6875,-5.0625,0.259949,0.495971,1.841207
212.875,4.6875,-5.125,0.204083,0.537458,1.924997
212.6875,5.75,-5.1875,0.039504,0.318562,1.576742
212.375,7,-5.25,-0.370879,0.428196,1.851958
212.0625,8.3125,-5.3125,-0.358306,0.403523,1.651663
211.375,11.125,-5.3125,-0.056127,0.110187,0.919636
211,12.625,-5.3125,0.148444,-0.181648,0.342084
210.6875,14.125,-5.25,-0.234508,-0.161312,0.318831
210.4375,15.6875,-5.125,-0.357205,-0.134873,0.560307
210.25,17.3125,-4.9375,-0.622415,0.025597,0.996024
210.1875,18.9375,-4.75,-1.083915,0.32207,1.183479
209.9375,22.0625,-4.3125,-1.028012,0.192456,0.780584
209.75,23.5,-4.125,-1.002215,0.40661,0.863897
209.5625,24.9375,-4.125,-0.586205,0.143315,0.023521
209.3125,26.375,-4.0625,-0.638619,-0.073082,-0.18624
209,27.8125,-3.875,-0.665979,-0.239552,-0.334249
208.5,30.5625,-3.375,-0.735417,-0.405762,-0.484821
208.3125,31.9375,-2.875,-0.880184,-0.350065,-0.276061
208.125,33.25,-2.125,-0.858291,-0.022885,0.445218
208,34.5625,-1.6875,-0.810503,-0.037006,-0.157656
207.8125,35.875,-1.4375,-0.89477,-0.136953,-0.214424
207.625,37.25,-1,-0.847068,-0.058164,-0.15582
207.25,39.875,-0.0625,-0.60818,-0.117296,-0.246929
207.0625,41.1875,0.3125,-0.638851,-0.261884,-0.425233
206.875,42.5,0.75,-0.724793,-0.287907,-0.399658
206.75,43.8125,1.25,-0.83695,-0.121638,-0.273872
206.625,45.1875,1.6875,-0.937068,0.061212,-0.128275
206.5,46.5625,2.1875,-1.021343,0.221982,-0.228534
206.1875,49.375,3.1875,-1.159733,0.1381,-0.490136
206,50.8125,3.75,-1.3669,0.081995,-0.483237
205.75,52.1875,4.3125,-1.426833,0.099868,-0.350562
205.5,53.625,4.9375,-1.336841,0.076582,-0.240625
205.25,55,5.625,-1.271357,0.144988,-0.085289
204.5625,57.6875,7.125,-1.184436,0.212435,0.007968
204.25,59,7.9375,-0.957418,0.158781,-0.213551
203.8125,60.375,8.8125,-1.097322,0.053588,-0.354264
203.375,61.8125,9.8125,-1.132831,0.011864,-0.408604
202.875,63.25,11,-1.182838,0.029376,-0.424103
202.4375,64.6875,12.375,-1.283433,0.064677,-0.240242
201.5,67.5,15.5625,-1.104686,0.091834,-0.037995
200.9375,68.875,17.5625,-0.76444,0.065724,0.005804
200.3125,70.1875,19.8125,-0.514533,-0.092846,-0.244691
199.625,71.5,22.4375,-0.549319,-0.211975,-0.23267
199,72.6875,25.5,-0.449597,-0.244879,-0.196543
198.3125,73.9375,29.125,-0.362445,-0.271642,-0.189414
196.875,76.25,38.5,-0.381417,-0.262413,-0.110246
196.125,77.3125,44.5625,-0.415424,-0.200305,0.114081
195.375,78.1875,51.8125,-0.309319,-0.153475,0.149599
194.5625,78.875,60.25,-0.306535,-0.208509,0.129383
193.6875,79.3125,69.6875,-0.397581,-0.068266,0.35614
192.125,79.5625,88.0625,-0.483725,-0.113492,0.177263
191.375,79.25,97.9375,-0.619449,0.006503,0.522841
190.5,78.6875,107,-0.666784,0.148828,0.783516
189.625,77.8125,115.375,-0.506424,0.025888,0.468177
188.5625,76.625,122.75,-0.595368,0.023481,0.35944
187.375,75.125,129.0625,-0.526482,-0.038302,0.17364
186.125,73.375,134.1875,-0.740089,-0.095497,0.014645
183.4375,69.625,141.5,-0.757884,-0.144461,0.159573
181.9375,67.75,143.9375,-0.939533,-0.052005,0.471382
180.3125,65.8125,145.875,-0.964807,0.058487,0.650447
178.5,63.75,147.4375,-1.152285,0.096973,0.836483
176.4375,61.5625,148.6875,-1.700781,0.336676,1.528176
171.5625,57.3125,149.9375,-2.108568,0.371401,1.702443
168.625,55.25,150,-2.044377,0.252356,1.400668
165.375,53.0625,149.875,-2.005936,0.09282,0.884236
161.875,50.875,149.6875,-1.955691,-0.022639,0.474841
158.25,48.75,149.375,-1.980987,0.155534,0.778366
150.75,44.75,148.4375,-1.774165,0.190184,0.818572
146.6875,42.75,147.8125,-1.721189,0.18823,0.692119
142.5,40.6875,147.3125,-2.064715,0.150428,0.326685
138.125,38.625,146.6875,-1.799011,0.260528,0.526276
133.5625,36.625,145.9375,-1.548302,0.001971,0.207618
128.8125,34.5625,145.25,-1.388786,-0.371898,-0.21543
124.0625,32.625,144.5,-1.370932,-0.461937,-0.309592
114.75,28.8125,143.1875,-1.301185,-0.408609,-0.123936
110.3125,27.0625,142.5,-0.976082,-0.645753,-0.090172
210.625,25.4375,141.8125,-0.849655,-0.747559,-0.236526
211.125,23.875,141.125,-0.795405,-0.735121,-0.307848
211.5,22.375,140.5,-0.837484,-0.659667,-0.299608
212.125,19.75,139.1875,-0.897406,-0.613059,-0.147008
212.3125,18.6875,138.5,-0.715486,-0.363216,0.279727
83.25,17.625,137.75,-0.506767,-0.371048,0.281302
80.0625,16.625,137.125,-0.657136,-0.544653,-0.014021
76.875,15.5625,136.5,-0.904206,-0.619319,-0.143396
70.6875,13.5,135.3125,-0.69514,-0.717115,-0.47663
67.75,12.5,134.75,-0.572038,-0.805795,-0.626851
64.75,11.4375,134.25,-0.474908,-0.808341,-0.558102
61.875,10.5,133.8125,-0.245444,-0.868863,-0.588
59.25,9.625,133.4375,-0.28344,-0.774668,-0.464363
56.75,8.8125,133,-0.307888,-0.619273,-0.427019
54.4375,8.125,132.625,-0.523456,-0.606171,-0.412404
50.1875,6.875,131.75,-0.694,-0.522742,0.076693
48.0625,6.3125,131.3125,-0.688055,-0.423078,0.186979
45.875,5.625,130.8125,-0.762835,-0.308849,0.191909
43.6875,5,130.375,-1.002803,-0.250211,0.124071
41.4375,4.25,129.9375,-1.047325,-0.154416,0.149823
39.3125,3.5625,129.5625,-1.001377,-0.147333,0.106421
34.9375,2.0625,128.75,-1.066624,-0.258968,-0.112219
32.75,1.3125,128.375,-0.989239,-0.345658,-0.056206
30.6875,0.5,127.9375,-1.127971,-0.34152,0.203353
29,-0.125,127.375,-0.914457,-0.554963,0.023842
27.5,-0.6875,126.5625,-0.812461,-0.992174,-0.405199
26,-1.3125,125.875,-0.860343,-0.860135,-0.675106
24.625,-1.875,125.125,-0.908198,-0.710806,-1.137607
21.5,-3.125,123.3125,-1.474429,-1.543997,-0.076763
20.625,-3.5625,122.5625,-0.733576,-0.744674,-0.389267
19.5625,-4.0625,122,-0.812624,-0.828475,-0.82147
18.6875,-4.5625,121.625,-0.973451,-0.931525,-0.619089
18,-4.9375,121.3125,-0.842028,-0.995211,-0.578607
17.375,-5.3125,121,-0.669026,-1.069544,-0.678656
16.5625,-5.875,120.4375,-0.650858,-1.12449,-0.784862
16.375,-6.0625,120.1875,-0.682141,-1.238721,-0.899508
16.375,-6.125,120,-0.708545,-1.335806,-0.912975
16.5,-6.125,119.75,-0.541126,-1.496986,-1.092718
16.625,-6.0625,119.5625,-0.735061,-1.528405,-1.345061
16.875,-5.875,119.375,-0.999335,-1.578666,-1.371509
17.0625,-5.6875,119.375,-1.171484,-1.618877,-1.463379
17.375,-5.5,119.4375,-1.315869,-1.690609,-1.58731
17.8125,-5.25,119.625,-1.442909,-1.746509,-1.571136
18.3125,-4.9375,119.8125,-1.261436,-1.665844,-1.171887
19,-4.5625,120.0625,-1.055003,-1.473502,-1.133035
20.75,-3.6875,120.6875,-1.181264,-1.437075,-1.15327
21.8125,-3.125,121,-1.263912,-1.16507,-0.906646
22.9375,-2.5625,121.3125,-1.163973,-1.465195,-0.975439
24,-2.0625,121.75,-1.368511,-1.299656,-0.869085
25.125,-1.5625,122.1875,-1.110945,-1.105352,-0.78791
26.1875,-1.0625,122.6875,-1.194369,-1.021914,-0.79688
28.375,-0.125,123.75,-1.149538,-0.916463,-0.652083
29.4375,0.25,124.375,-1.199253,-0.817995,-0.291801
30.625,0.6875,124.9375,-0.985136,-0.621306,-0.142915
31.8125,1.125,125.5625,-0.814012,-0.494162,-0.141312
32.8125,1.375,126.5,-0.621893,-0.530255,-0.129496
35.125,2.125,127.75,-0.434435,-0.475078,-0.266647
36.25,2.4375,128.5625,-0.512453,-0.65146,-0.136413
37.3125,2.6875,129.25,-0.494876,-0.588543,-0.339732
38.4375,3.0625,129.9375,-0.335049,-0.474915,-0.276264
39.5,3.3125,130.5625,-0.312844,-0.507782,-0.361306
40.4375,3.5625,131.1875,-0.356596,-0.527902,-0.380236
41.375,3.8125,131.875,-0.355726,-0.494852,-0.459603
43.25,4.3125,133.375,-0.444396,-0.534027,-0.514733
44.3125,4.625,134.0625,-0.4907,-0.564716,-0.533137
45.5,5,134.8125,-0.512115,-0.538963,-0.482088
211.4375,5.375,135.5,-0.454063,-0.490606,-0.398758
211.4375,5.75,136.25,-0.446357,-0.528806,-0.59083
211.3125,6.6875,137.625,-0.690186,-0.646759,-0.848991
211.125,7.1875,138.375,-1.018294,-0.757492,-0.919513
210.9375,7.6875,139.125,-1.170564,-0.746439,-0.759912
210.6875,8.125,139.8125,-1.130714,-0.671467,-0.717893
210.5625,8.5625,140.5625,-1.340202,-0.679956,-0.792226
210.375,9.75,142.0625,-1.424917,-0.749393,-0.676643
210.375,10.5625,142.75,-1.291463,-0.783088,-0.607099
210.375,11.4375,143.5,-1.136389,-0.80411,-0.471412
210.3125,12.3125,144.25,-1.12039,-0.737257,-0.440025
210.25,13.1875,145,-1.392828,-0.602842,-0.252846
210.1875,14.0625,145.75,-1.509696,-0.451694,0.113276
210.0625,16,147.25,-1.635603,-0.32568,0.390838
210,17,147.9375,-1.701836,-0.273152,0.586775
210,18.0625,148.625,-1.591107,-0.253749,0.38735
209.9375,19.0625,149.25,-1.509438,-0.308792,0.285381
209.875,20.0625,149.9375,-1.662001,-0.405742,0.552468
209.8125,21.0625,150.5625,-1.810235,-0.229776,1.018417
209.625,23.125,151.9375,-1.949661,-0.079053,1.029587
209.5625,24.1875,152.5,-1.957203,-0.114036,0.75852
209.5,25.3125,153.125,-1.945763,-0.023656,0.614364
209.5,26.4375,153.75,-1.834348,-0.058536,1.056545
209.5,27.625,154.375,-1.959497,-0.112259,1.087288
209.5,30.3125,155.5,-1.756638,-0.019316,0.996064
209.5,31.6875,156,-1.827141,-0.022572,0.79684
209.5625,33.125,156.5625,-1.759288,-0.027422,0.628148
209.6875,34.5625,157.0625,-1.206059,-0.209246,0.254698
209.8125,36,157.625,-1.010318,-0.27354,0.371235
210.1875,38.625,158.6875,-0.971785,-0.31579,0.512291
210.3125,39.6875,159.25,-1.105975,-0.136329,1.076742
210.4375,40.75,159.8125,-1.358876,0.168708,1.324081
169.25,41.75,160.3125,-1.924409,0.487485,1.085188
171.5,42.8125,160.75,-1.773121,0.546844,1.08266
175.9375,45.25,161.375,-1.508799,0.317319,1.088792
178.25,46.75,161.5625,-1.341004,0.066879,1.341943
180.5,48.4375,161.75,-1.013782,-0.232541,1.062311
182.75,50.25,161.9375,-0.489289,-0.362705,0.738796
184.875,52.0625,162.125,-0.583069,-0.395565,0.787783
186.8125,53.8125,162.4375,-0.965564,-0.038189,1.043867
190.1875,57.125,162.9375,-1.061725,0.087941,0.930826
191.75,58.625,163.125,-1.148936,0.094607,0.682691
193.0625,60.1875,163.25,-1.240806,0.110255,0.709723
194.4375,61.75,163.3125,-1.229478,0.278119,1.342452
195.6875,63.375,163.3125,-1.408488,0.391809,1.754616
197.8125,66.875,162.6875,-1.446407,0.490331,1.6962
198.6875,68.75,162,-1.24242,0.558786,1.679392
199.5,70.625,161.0625,-1.281799,0.528791,1.584846
200.1875,72.4375,159.8125,-1.162378,0.382434,1.32218
200.75,74.25,158.1875,-0.783554,0.225683,1.250447
201.375,76.0625,156.0625,-0.752165,0.191064,1.147404
202.4375,79.4375,150,-0.766096,0.25558,1.088945
202.9375,81,145.1875,-1.164244,0.525799,1.572027
203.375,82.5625,138.125,-1.292517,0.753849,1.666048
203.75,84,175.1875,-1.28802,0.943637,1.690026
204,85,175.25,-1.159551,0.984893,1.491668
204.1875,85.3125,4.625,-0.801273,0.669128,0.487931
204.4375,83.5625,4.625,-0.82848,0.561347,0.482324
204.625,82.125,36.6875,-0.733496,0.572175,0.963418
204.75,80.625,30.375,-0.960861,0.640661,0.968455
204.875,79.0625,26.125,-1.046477,0.693587,0.861071
204.9375,77.375,23.125,-0.597586,0.354225,0.897287
204.9375,75.5,21.0625,-0.719093,0.361351,0.943166
204.9375,73.625,19.375,-0.693489,0.425303,1.09073
204.9375,69.875,16.8125,-1.011007,0.566651,1.136907
204.875,67.875,15.875,-1.157346,0.637935,1.324938
204.8125,65.8125,15.1875,-1.026305,0.471974,1.208261
204.6875,63.8125,14.6875,-0.504247,0.022188,0.787819
204.5625,61.875,14.4375,-0.58887,-0.008701,0.966195
204.375,58.0625,14.0625,-0.36123,0.056369,0.884561
204.375,56.0625,13.75,-0.167223,0.073844,0.884717
204.3125,54.125,13.4375,-0.070173,-0.09892,0.59699
204.25,52.1875,13.1875,-0.099411,0.027682,0.687172
204.1875,50.375,12.875,-0.050229,-0.002527,0.539845
204.0625,46.875,12.5,0.244287,0.029671,0.567527
204.0625,45.25,12.4375,0.080442,-0.109903,0.528068
203.9375,43.8125,12.5,0.107193,-0.052318,0.527269
203.875,42.4375,12.5625,-0.067021,-0.07538,0.507651
203.75,41.0625,12.625,0.045503,-0.145505,0.493181
203.625,39.625,12.625,0.254518,-0.032771,0.550659
203.75,36.9375,12.75,0.242322,-0.102807,0.508737
203.5625,35.625,12.75,0.227954,-0.076563,0.553982
203.4375,34.3125,12.8125,0.332982,-0.017146,0.602395
203.3125,33,12.8125,0.453334,0.025435,0.617918
203.3125,31.75,12.8125,0.663861,0.042308,0.759318
203.1875,30.5,12.875,0.800161,0.107598,0.915136
202.875,28.1875,12.9375,0.689739,-0.046475,1.012233
202.75,27.1875,12.9375,0.627984,-0.043571,0.903019
203.0625,26.25,12.875,0.519999,-0.029723,0.825833
203.0625,25.25,12.8125,0.401369,-0.01275,0.767002
203,24.3125,12.6875,0.58479,0.060663,0.724428
202.8125,22.3125,12.4375,0.648963,0.1794,0.801444
203.125,21.375,12.3125,0.658384,0.196019,0.876453
203.125,20.375,12.125,0.733488,0.187206,0.862362
203.0625,19.4375,11.9375,0.675311,0.128005,0.794421
203.0625,18.5625,11.6875,0.63289,0.150384,0.820986
203.0625,17.625,11.5,0.51048,0.201409,0.887971
203.25,16.8125,11.3125,0.619988,0.076026,0.704736
203.1875,15.5,10.875,0.538528,0.221695,0.873293
203.1875,14.9375,10.6875,0.696444,0.228035,0.960375
203.1875,14.375,10.5,0.684358,0.192025,0.935621
203.5,13.9375,10.375,0.654386,0.187104,0.810823
203.5,13.4375,10.125,0.492491,0.097404,0.392114
203.5625,12.5,9.625,0.299522,0.232576,0.54878
203.5625,12,9.375,0.310747,0.201871,0.541833
203.6875,11.625,9.1875,0.279486,0.192778,0.500612
203.75,11.25,9.0625,0.227339,0.126167,0.494652
203.75,10.875,8.875,0.342157,0.135643,0.686573
203.75,10.5,8.75,0.529949,0.160245,0.649133
204.125,9.875,8.375,0.492536,0.170735,0.625086
204.125,9.5625,8.1875,0.439268,0.111224,0.468396
204.1875,9.25,7.875,0.363791,0.14119,0.482016
204.1875,9,7.6875,0.208225,0.053218,0.260362
204.25,8.8125,7.5625,0.162627,0.082059,0.285644
204.3125,8.5625,7.4375,0.274524,0.135332,0.28945
204.375,8.3125,7.25,0.208727,0.165807,0.395821
204.5625,7.6875,6.875,0.24113,0.061457,0.18404
204.6875,7.3125,6.5,0.166133,0.078368,0.19928
205.0625,6.875,6.1875,0.185064,0.065726,0.015909
205.25,6.375,5.75,0.075354,-0.027674,-0.021749
205.375,5.8125,5.375,0.074044,0.001491,0.044812
205.625,5.1875,4.875,0.063417,0.904124,1.967628
206.4375,3.5625,2.3125,0.850941,-0.989988,0.788523
207.25,2.3125,-0.25,2.10821,-0.3253,3.433786
207.625,1.4375,-1.5625,1.304471,-0.139684,1.089961
207.6875,1,-2.0625,0.768868,-0.037086,-0.04596
207.625,1,-2.4375,0.17977,-0.014912,0.019576
207.625,1,-2.8125,0.123561,0.040287,0.036754
207.5625,1,-3.125,0.102481,0.042755,0.064846
207.4375,1.125,-3.625,0.095912,0.037669,0.14271
207.4375,1.125,-3.6875,0.19949,0.099798,-0.007078
207.4375,1.1875,-3.6875,0.105163,0.033641,0.049289
207.4375,1.1875,-3.6875,0.122232,0.057017,0.099582
207.4375,1.3125,-3.75,0.157835,0.090693,0.01991
207.4375,1.375,-3.75,0.110972,0.032208,0.005382
207.4375,1.375,-3.75,0.108532,0.021239,0.004167
207.4375,1.3125,-3.75,0.086328,0.020965,0.0388
207.4375,1.1875,-3.75,0.117374,0.065829,0.041585
207.375,1.125,-3.75,0.118277,0.061419,0.01812
207.375,1.0625,-3.75,0.102774,0.05298,0.023269
207.375,0.9375,-3.75,0.092118,0.048981,0.051956
207.375,0.875,-3.75,0.096949,0.062497,0.040968
207.375,0.75,-3.75,0.099128,0.061916,0.049213
207.375,0.5,-3.75,0.094038,0.062923,0.05771
207.3125,0.375,-3.6875,0.090815,0.059851,0.089406
207.3125,0.25,-3.6875,0.134177,0.107684,0.079364
207.3125,0.125,-3.6875,0.10346,0.07542,0.091098
207.3125,0,-3.6875,0.114234,0.092061,0.070485
207.3125,0,-3.6875,0.083744,0.065228,0.053663
207.3125,-0.125,-3.6875,0.084775,0.046594,0.078521
207.375,-0.1875,-3.6875,0.123739,0.064547,0.065966
207.375,-0.375,-3.6875,0.114701,0.066774,0.045244
207.375,-0.4375,-3.6875,0.11397,0.059652,0.054293
207.4375,-0.5,-3.6875,0.112968,0.054094,0.061097
207.4375,-0.5,-3.6875,0.098489,0.04628,0.062195
207.4375,-0.5,-3.6875,0.099065,0.051633,0.068275
207.5,-0.5,-3.6875,0.072983,0.030012,0.064063
207.5625,-0.5,-3.6875,0.082911,0.045512,0.053041
208,-0.4375,-3.6875,0.060034,0.026252,0.046092
208.125,-0.3125,-3.6875,0.056204,0.020725,0.016673
208.3125,0,-3.6875,-0.035205,-0.081259,-0.066887
208.375,0.0625,-3.75,-0.301002,-0.534676,-0.392847
208.625,0.125,-3.75,-0.03614,0.020442,0.083077
208.875,0.1875,-3.75,-0.443366,-0.616095,-0.560223
209.1875,0.1875,-3.8125,0.024303,0.227904,0.148415
209.375,0.0625,-3.8125,0.531561,0.342403,0.2504
209.9375,0,-3.9375,0.361788,0.142703,0.028747
209.9375,0,-4,-0.269972,-0.550237,-0.421417
209.9375,-0.0625,-3.9375,0.001931,0.006465,0.036825
209.9375,-0.1875,-3.9375,0.118186,0.027313,0.038166
210,-0.25,-4,0.260754,0.111402,0.239818
210,-0.375,-4.0625,0.01865,-0.232563,-0.187219
210.0625,-0.4375,-4.0625,-0.085392,-0.145219,-0.081629
210.5,-0.625,-4.1875,-0.074886,-0.108044,-0.06811
210.75,-0.75,-4.1875,-0.138453,-0.177555,-0.13109
211.125,-0.875,-4.125,-0.196251,-0.200124,-0.161939
211.375,-1,-4.0625,-0.145303,-0.102356,-0.085869
211.6875,-1.0625,-4,-0.297728,-0.248333,-0.51688
212,-1.25,-4.0625,-0.490516,-0.296274,-0.221954
212.9375,-1.75,-4.25,-0.399193,-0.366106,-0.331501
213.4375,-2,-4.3125,-0.373575,-0.243625,0.037742
213.8125,-2.25,-4.5,0.038817,-0.03844,0.025739
214.1875,-2.625,-4.4375,-0.022725,-0.001647,-0.018684
214.4375,-2.875,-4.4375,0.049464,0.075916,0.108114
214.625,-3.125,-4.5,-0.022172,-0.117345,-0.005216
214.6875,-3.3125,-4.375,0.329487,0.121602,0.135236
214.9375,-3.875,-4.3125,0.28494,0.240257,0.088145
215.125,-4.0625,-4.3125,0.474492,0.294978,-0.028669
215.1875,-4.1875,-4.3125,-0.08748,-0.017833,0.078613
215.1875,-4.3125,-4.3125,0.29651,0.157172,0.074708
215.1875,-4.25,-4.25,0.404492,0.20453,0.097752
215.1875,-4.3125,-4.25,0.600479,0.172673,-0.100478
215.25,-4.3125,-4.3125,0.293444,0.07529,-0.017597
215.3125,-4.375,-4.3125,0.41312,0.204465,0.147912
215.4375,-4.1875,-4.3125,0.356484,0.331469,0.360699
215.625,-4.25,-4.3125,0.382892,0.227925,0.093071
215.8125,-4.25,-4.3125,0.118852,-0.014554,0.019805
215.875,-4.3125,-4.3125,-0.224533,-0.394704,-0.085499
216.125,-4.375,-4.25,0.133164,0.326622,0.076287
216.6875,-4.6875,-4.4375,0.358356,0.770056,0.575512
216.6875,-4.8125,-4.5,0.910982,0.271114,0.180094
216.5,-5,-4.5,0.112151,0.022434,0.092533
216.5625,-5.25,-4.5,-0.143391,-0.159695,-0.198601
216.5625,-5.5,-4.4375,-0.136009,-0.084696,0.009931
216.5625,-5.8125,-4.4375,0.269674,0.228733,0.120679
216.5,-6.25,-4.4375,-0.074761,-0.326026,-0.250764
216.5,-6.3125,-4.4375,-0.378373,-0.02294,0.193563
216.5,-6.375,-4.4375,0.162475,-0.008981,-0.136862
216.375,-6.25,-4.4375,-0.134116,-0.063676,-0.029525
216.25,-6.0625,-4.4375,-0.105083,0.10364,0.489367
216.0625,-6.25,-4.4375,0.462564,0.23742,0.030788
216.125,-6.4375,-4.5,-0.56325,-0.586142,-0.299163
215.8125,-6.3125,-4.5,-0.10214,-0.035301,0.10601
215.5625,-6.5,-4.5,0.131432,0.341416,0.437826
215.5625,-6.875,-4.5,0.259749,0.21319,0.147321
215.5625,-7.25,-4.4375,0.584703,0.57125,0.363512
215.6875,-7.5,-4.375,-0.159161,0.007584,0.061777
215.9375,-7.875,-4.4375,0.469496,0.176718,0.098939
215.8125,-8.5,-4.5625,0.319026,0.369915,0.226299
215.625,-8.625,-4.5,0.212048,0.009945,-0.076541
215.5625,-8.75,-4.4375,-0.033531,0.08329,0.152794
215.8125,-9,-4.5,0.379512,0.041499,-0.091104
215.8125,-9.125,-4.5,0.258648,0.429948,0.345939
215.875,-9.25,-4.5625,0.417416,0.477294,0.373148
216,-9.3125,-4.5625,0.910114,-0.503606,-0.098623
216.3125,-9.5625,-4.5625,0.758614,0.381873,0.564385
216.5,-9.9375,-4.6875,-0.55292,0.217239,0.399689
216.25,-10.375,-4.6875,0.199238,0.027563,-0.093087
216.125,-10.375,-4.625,0.705845,0.615177,0.47048
216.0625,-10.125,-4.625,0.303323,0.314863,0.247604
216.3125,-10,-4.5625,0.705927,0.295124,-0.095418
216.6875,-9.9375,-4.5625,0.662515,0.214264,0.046589
216.75,-9.5,-4.5,-0.379708,-0.099375,0.18183
216.875,-9.3125,-4.5,-0.341482,-0.322255,-0.100927
217,-9.4375,-4.4375,-0.023082,-0.052258,-0.261625
217.125,-9.625,-4.5,0.179712,0.145935,0.318104
216.875,-9.4375,-4.5,0.145619,0.199634,0.210311
217,-9.1875,-4.5,0.299872,0.327876,0.272098
217.125,-8.625,-4.5625,0.359616,0.322475,0.196747
217.125,-8.25,-4.5625,0.319013,0.256254,0.068299
217.1875,-7.9375,-4.5625,0.342551,0.154884,0.069086
217.1875,-7.5625,-4.5625,0.302617,0.098519,0.071305
217.25,-7.3125,-4.5625,0.183678,0.062992,0.058105
217.3125,-7.125,-4.5625,-0.013773,-0.128437,-0.115185
216.875,-6.9375,-4.5625,-0.167932,-0.217708,-0.234629
216.5,-6.625,-4.5625,-0.210146,-0.188058,-0.144508
216.0625,-6.1875,-4.5625,-0.109181,-0.07712,-0.030003
215.6875,-5.8125,-4.5625,-0.056777,0.006595,0.191154
215.3125,-5.6875,-4.5625,0.09007,0.030722,0.106066
214.75,-5.5625,-4.5625,0.100861,0.035486,0.069862
213.875,-5.375,-4.5,0.054512,-0.017875,-0.045338
213.375,-5.25,-4.5,-0.03914,0.017936,-0.025059
212.875,-5,-4.5625,-0.018875,0.044694,-0.058889
212.375,-4.375,-4.75,0.154033,0.352123,0.17079
212.1875,-3.8125,-4.9375,0.331936,0.274502,-0.3411
211.875,-3.5,-4.625,0.35876,0.620151,0.734218
211.6875,-3.1875,-4.5625,0.484106,0.221076,0.089923
211.375,-2.5,-4.625,0.098623,0.015165,0.016728
211.5625,-2.125,-4.6875,-0.011993,-0.053439,-0.01662
211.75,-1.6875,-4.8125,-0.029363,-0.104736,0.224581
211.9375,-1.5625,-4.8125,0.111974,0.086343,0.135103
212.25,-1.5625,-4.9375,0.198113,0.24298,0.192103
212.5625,-1.5625,-5.125,0.172256,0.174111,0.159612
212.8125,-1.5625,-5.3125,0.152346,0.158568,0.122572
213.1875,-1.5625,-5.75,0.138506,0.145824,0.103195
213.4375,-1.5625,-5.9375,0.136087,0.122327,0.064652
213.5625,-1.5625,-6.0625,0.054187,0.106214,0.130619
213.75,-1.5625,-6.1875,0.134905,0.135857,0.096826
213.875,-1.5625,-6.25,0.099348,0.117522,0.102899
213.875,-1.5625,-6.375,0.115552,0.148109,0.120969
213.9375,-1.5625,-6.375,0.120783,0.149689,0.117394
213.9375,-1.5625,-6.375,0.104162,0.130735,0.084871
213.8125,-1.5625,-6,0.061787,0.069822,0.042168
213.75,-1.5625,-5.75,0.039814,0.056385,0.050358
213.5625,-1.625,-5.375,0.054831,0.066568,0.071211
213.375,-1.625,-5.0625,0.078798,0.083991,0.10032
213.3125,-1.625,-5,0.102927,0.106204,0.097581
213.3125,-1.625,-5,0.105935,0.111075,0.104196
213.25,-1.625,-5,0.11719,0.127245,0.113949
