Yaw,Roll,Pitch,ax,ay,az
264.8125,-16.5625,65.9375,-0.16,-0.07,0
264.8125,-16.5625,65.9375,-0.15,-0.05,0
264.8125,-16.5625,65.9375,-0.18,-0.04,0.04
264.8125,-16.5625,65.9375,-0.15,-0.04,0.02
264.8125,-16.5625,65.9375,-0.12,-0.06,0.05
264.8125,-16.5625,65.9375,-0.12,-0.05,0.02
264.8125,-16.5625,65.9375,-0.19,-0.05,0.02
264.8125,-16.5625,65.9375,-0.17,-0.07,0.03
264.8125,-16.5625,65.9375,-0.18,-0.08,0
264.8125,-16.5625,65.9375,-0.18,-0.05,0
264.8125,-16.5625,65.9375,-0.13,-0.07,0.05
264.8125,-16.5625,65.9375,-0.14,-0.05,0.04
264.8125,-16.5625,65.9375,-0.17,-0.04,0.01
264.75,-16.5625,65.9375,-0.23,0.14,0.52
264.5625,-16.375,65.875,-0.13,2.74,-1.57
265.125,-15.9375,65.3125,-0.3,-2.04,1.97
265.8125,-15.5,64.9375,1.51,-1.68,-0.22
265.5,-15.5625,64.5,-2.04,0.14,0.84
265.25,-15.6875,64.5625,-1.55,0.5,0.27
265.5625,-15.4375,64.5625,0.69,0.4,-1.18
265.625,-15.3125,64.3125,0.15,-1.16,-1.1
265.625,-15.1875,63.875,-0.64,0.56,0.57
265.8125,-14.9375,63.5,0.69,-0.45,0.75
266.125,-14.75,63.4375,0.23,-0.42,0.7
265.6875,-15.3125,64,-0.19,0.19,0.19
265.375,-15.8125,64.5,-0.48,0.23,-0.3
265.1875,-16.125,64.875,-0.72,0.05,-0.85
265.0625,-16.25,65.0625,-0.96,0.19,-0.82
265.1875,-16.0625,65,-0.66,0.23,-0.57
265.4375,-15.625,64.6875,0.35,-0.24,0.6
265.8125,-15.25,64.4375,0.72,-0.55,0.76
265.6875,-15.25,64.6875,0.29,-0.07,0.29
265.3125,-15.6875,65.0625,-0.31,0.16,0
265.125,-16,65.4375,-0.68,0.06,-0.42
265,-16.125,65.6875,-1.05,0.34,-0.84
265.0625,-15.9375,65.625,-0.95,0.47,-0.38
265.4375,-15.4375,65.4375,0.48,-0.71,1.02
265.75,-15.0625,65.25,0.03,-0.82,1.12
265.1875,-15.625,65.375,0.51,0.74,-0.05
264.75,-16.125,65.75,-0.15,-0.23,0.13
264.5625,-16.375,66.125,-0.26,0,-0.88
264.375,-16.4375,66.25,-0.54,-0.07,-0.75
264.4375,-16.375,66.125,-0.29,0.33,-0.44
264.8125,-16.3125,65.8125,0.43,-0.64,1.06
265.1875,-16.5,65.875,0.12,-0.72,0.09
264.8125,-16.875,66.125,-0.27,0.47,-0.69
264.5625,-17.0625,66.1875,-1.29,0.44,-0.76
264.75,-16.875,66,-0.27,0.27,-0.35
265.125,-16.4375,65.6875,0.17,-0.17,0.32
265.375,-16.125,65.5,0.69,-0.37,0.54
265.4375,-16,65.5625,-0.01,-0.33,0.04
264.8125,-16.625,66.25,-0.47,0.26,-0.51
264.5625,-17,66.4375,-0.73,0.54,-0.71
264.5625,-17.0625,66.5,-0.5,-0.07,-0.55
264.75,-16.9375,66.3125,-0.13,-0.03,-0.49
264.9375,-16.6875,66,-0.25,0.03,0.06
265.125,-16.375,65.6875,0.68,-0.51,0.73
265.375,-16.1875,65.5,0.52,-0.52,0.43
265.0625,-16.4375,65.9375,-0.01,-0.04,0.12
264.75,-16.75,66.25,-0.57,0.26,-0.2
264.625,-16.9375,66.4375,-0.51,0.1,-0.79
264.6875,-16.9375,66.4375,-0.37,-0.01,-0.61
264.8125,-16.75,66.1875,4.3,4.42,16.3
265.3125,-16.375,66.75,10.1,-8.54,2.61
266.5625,-16.5625,71.4375,7.7,-6.44,-9
258.4375,-25,80.4375,-1.06,4.14,-9.61
255.75,-26.0625,79.375,-9.16,12.4,-3.85
259.125,-21.5625,74.9375,-10.47,0.08,0.02
262.875,-18.25,72.5,-2.55,-3,5.4
265.75,-16.6875,71.875,3.9,-2.84,7.73
265.5625,-18.1875,72.8125,4.37,0.74,-10.67
263.5,-20.3125,72.0625,-1.48,0.74,-12.21
264.4375,-18.5,68.5,-7.47,2.95,-3.28
266.9375,-16.1875,64.25,1.25,1.03,5.14
269.25,-14.25,60.4375,3.73,-1.67,5.4
270.5,-13.625,57.8125,-0.15,-1.19,1.7
270.4375,-14.3125,56.25,0.07,0.53,3.64
271.5625,-13.5625,53.5625,1.56,1.64,4.79
272.4375,-12.8125,52.1875,4.69,-1.12,1.43
272.5,-12.3125,51.875,0.45,3.42,3.84
272.4375,-11.5625,51.8125,1.95,2.78,0.78
272.0625,-11.125,51.5,1.53,3.05,-0.49
271.6875,-10.375,50.8125,-2,5.82,-2.36
271.125,-9.8125,49.8125,-2.95,5.9,-2.31
269.4375,-9.8125,46.5625,-3.54,5.79,-1.98
268.75,-10.1875,43.875,-3.8,3.41,0.15
268.0625,-11,40.8125,-4.42,-4.13,2.58
268.0625,-11.25,37.4375,-6.02,-12.4,5.63
269.375,-10.75,34.4375,1.29,-3.35,3.03
268.875,-12.0625,33.375,1.89,-2.19,1.95
267.25,-14.0625,33.5625,1.91,0.73,1.89
267.625,-13.3125,33,1.98,1.93,0.85
266.6875,-13.5,33,-1.16,3.02,1.27
266.5,-12.6875,32.3125,-0.78,4.03,-0.24
266.4375,-11.9375,31.0625,-1.95,3.45,0.08
265.75,-11.8125,29.625,-2.16,2.22,0.14
265.8125,-11.3125,27.6875,-2,0.3,0.53
265.5625,-10.8125,23.4375,-1.19,-0.96,0.31
265.6875,-10.5,21.25,-0.85,-2.02,1.27
265.75,-10.375,19.5,-0.73,-2.84,1.39
265.5625,-10.5,18.3125,-0.88,-2.88,1.83
265.5625,-10.5,17.5625,-0.49,-2.01,1.73
265.3125,-10.75,17.1875,-0.5,-1.5,1.7
265.0625,-10.875,17.1875,-0.56,-0.96,1.75
264.8125,-11.0625,17.4375,-0.07,-1.02,1.04
264.875,-11.0625,17.6875,0.01,0.4,0.7
265.0625,-11,17.875,0.28,0.6,0.27
265.125,-10.9375,18.0625,0.05,1.1,0.39
265.25,-10.75,18.125,0.37,1.43,0.08
265.4375,-10.625,18.125,0.58,1.92,-0.11
265.3125,-10.375,17.6875,0.67,2.27,-0.21
265.125,-10.3125,17.25,0.22,1.79,0.26
264.75,-10.25,16.625,0.4,0.47,0.78
264.5625,-10.125,15.8125,0.88,-0.12,0.61
264.25,-10.125,15.125,1.07,-0.36,-0.03
263.875,-9.9375,14.6875,0.29,0.19,-0.18
263.5625,-9.6875,14.4375,-0.41,0.94,-0.4
262.625,-9.125,14.75,-0.71,1.85,-0.47
262,-9,14.8125,-1.44,2.43,-0.43
261.5,-9,14.625,-1.24,2.41,-0.34
261.0625,-9.0625,14.125,-0.89,1.94,-0.1
260.5625,-9.25,13.3125,-0.32,1.09,0.08
260.1875,-9.3125,12.375,0.73,-0.76,0.07
259.9375,-9.375,11.4375,0.24,-0.49,0.29
259.3125,-8.9375,9.75,-0.54,-0.74,0.4
258.9375,-8.6875,9.1875,-0.51,-0.71,0.01
258.5625,-8.4375,8.875,-0.55,-0.65,-0.48
258.25,-8.1875,8.625,-0.73,-0.31,-0.68
258,-7.9375,8.5,-0.95,0.48,-1.37
257.8125,-7.75,8.4375,-1.23,0.81,-1.55
257.625,-7.625,8.3125,-1.23,1.12,-1.73
257.4375,-7.5,8.125,-1.12,1.09,-1.18
257.1875,-7.5625,7.3125,-0.73,0.58,-0.93
257.0625,-7.8125,6.6875,-0.2,0.06,-0.85
257,-8,6.0625,0.05,-0.18,-0.45
256.875,-8.1875,5.5625,0.51,-0.65,-0.03
256.75,-8.375,5.1875,0.51,-0.39,0.17
256.6875,-8.4375,4.9375,0.62,0.8,-0.68
256.625,-8.5,4.875,1.38,0.04,-1.82
256.875,-8.5625,5,-0.79,0.56,-0.03
256.5625,-8.4375,4.8125,-0.11,0.15,-0.93
256.5625,-8.3125,4.625,-0.55,0.23,-1.35
256.4375,-8.1875,4.375,-1,0.05,-1.27
256.1875,-8.125,4.25,-1.15,0.16,-1.33
256.1875,-8.0625,4,-1.11,0.1,-1.34
256.0625,-8.1875,3.75,-0.63,-0.38,-0.25
255.9375,-8.4375,3.5,0.21,-0.89,-0.42
255.875,-9.0625,3.0625,0.57,-0.95,-0.27
255.875,-9.375,3,1.04,-0.62,-0.31
255.875,-9.5625,3.0625,0.85,-0.27,-0.33
255.875,-9.6875,3.25,0.94,0.14,-0.66
255.8125,-9.6875,3.4375,0.64,0.79,-1.14
255.8125,-9.6875,3.6875,0.64,1.09,-1.5
255.75,-9.6875,3.8125,0.44,1.5,-1.67
255.5625,-9.9375,3.75,0.53,1.79,-1.47
255.375,-10.1875,3.5,0.56,1.78,-1.05
255.125,-10.5,3.1875,0.81,1.52,-0.66
254.875,-10.8125,2.625,1.08,1.17,-0.15
254.6875,-11.0625,2.0625,1.9,0.03,0.58
254.4375,-11.25,1.4375,2.4,-0.75,1.09
254.1875,-11.3125,1,2.39,-0.89,1.18
253.875,-11.3125,0.6875,2.15,-0.87,0.96
253.4375,-10.75,0.375,1.87,-0.69,0.56
253.1875,-10.375,0.4375,1.5,-0.47,0.11
252.9375,-10,0.5625,0.63,0.28,-0.6
252.5625,-9.6875,0.6875,0.43,0.49,-1.11
252.25,-9.4375,0.6875,0.06,0.72,-1.26
251.9375,-9.375,0.625,0.36,0.52,-0.77
251.625,-9.375,0.375,0.9,0.21,-0.51
251.3125,-9.5,0,1.36,-0.07,-0.03
250.625,-9.8125,-0.75,1.82,-0.39,0.39
250.375,-9.8125,-1.1875,2.5,-0.81,0.88
250.0625,-9.75,-1.5,2.56,-0.89,0.96
249.6875,-9.5625,-1.6875,2.58,-0.87,0.86
249.25,-9.25,-1.6875,2.37,-0.72,0.57
248.8125,-8.9375,-1.625,0.45,0.87,0.37
248.5625,-8.5625,-1.5,0.79,0.71,-0.76
248.3125,-8.25,-1.625,0.12,0.16,-0.81
247.1875,-7.8125,-2.5625,-0.12,-0.14,-0.44
246.625,-7.75,-3.25,-0.02,-0.58,-0.11
246,-7.6875,-4,0.15,-1.27,0.18
245.625,-7.75,-4.625,-0.05,-1.12,1.38
245.375,-7.8125,-5.25,0.74,-2.35,0.54
244.875,-7.9375,-5.6875,0.64,-2.41,1.31
243.625,-8,-6.0625,0.29,-2.38,1.11
243.0625,-7.9375,-6.0625,-0.22,-2.15,1.11
242.5,-7.9375,-6,-0.6,-2.05,1.07
241.9375,-8,-5.9375,-0.64,-1.95,1.04
241.375,-8.1875,-5.8125,-0.08,-2.06,1
240.875,-8.4375,-5.625,0.7,-1.85,0.91
240.3125,-8.625,-5.3125,0.92,-1.34,0.47
239.8125,-8.75,-4.875,0.84,-0.77,0.21
238.8125,-8.6875,-3.8125,0.54,-0.16,0.13
238.3125,-8.625,-3.375,0.45,0.12,-0.16
237.75,-8.5,-3.125,0.58,0.15,-0.78
237.25,-8.3125,-3,0.51,-0.08,-1.08
236.625,-8.0625,-3,0.24,-0.2,-1.11
236,-7.8125,-3,-0.35,-0.78,-1.49
235.375,-7.5625,-3,-0.59,-0.97,-1.51
234.75,-7.375,-3.0625,-0.79,-1.15,-1.52
233.5625,-7.1875,-3.0625,-0.8,-1.2,-1.58
233,-7.1875,-3,-0.82,-1.23,-1.75
232.4375,-7.1875,-3,-0.92,-1.1,-1.62
232,-7.1875,-3.0625,-0.89,-1.13,-1.6
231.5625,-7.1875,-3.25,-0.9,-1.37,-1.18
231.125,-7.3125,-3.4375,-0.5,-1.76,-1.18
230.6875,-7.5,-3.5625,0.05,-1.82,-0.89
229.9375,-7.8125,-3.4375,0.24,-1.31,-0.85
229.625,-7.9375,-3.1875,0.27,-0.71,-0.83
229.25,-8.125,-2.875,0.36,-0.21,-0.87
228.8125,-8.3125,-2.5,0.68,0.12,-1.07
228.5,-8.4375,-2.25,0.97,0.75,-1.17
228.125,-8.5,-2.125,0.96,1,-1.2
227.625,-8.5625,-2.0625,0.67,1.18,-0.95
227.1875,-8.625,-2.125,1.21,0.77,-0.59
226.125,-8.75,-2.625,1.7,0.33,-0.82
225.5,-8.6875,-2.875,1.64,0.14,-0.84
224.875,-8.4375,-3.0625,0.58,0.17,-1.04
224.1875,-8.1875,-3.1875,-0.29,0.16,-1.08
223.5,-7.875,-3.3125,-1.16,0.23,-0.99
222.75,-7.75,-3.5,-1.68,-0.54,-0.7
222.0625,-7.8125,-3.75,-1.31,-0.65,-0.25
221.375,-8.0625,-3.9375,-0.53,-0.95,-0.03
220.125,-9,-4.1875,-0.03,-1.05,0.34
219.5625,-9.4375,-4.1875,0.37,-0.83,0.94
219.0625,-9.6875,-4.125,0.15,-0.6,1.21
218.5625,-9.9375,-3.9375,0.07,-0.24,1.19
218.0625,-10.125,-3.75,-0.11,0.15,1.29
217.5625,-10.3125,-3.625,0.14,0.43,1.04
217.125,-10.375,-3.5,0.4,0.36,0.62
216.625,-10.4375,-3.5,-0.14,0.13,0
215.625,-10.1875,-3.5625,-0.43,0.02,-0.4
215.0625,-10,-3.5625,-1.18,0,-0.43
214.5625,-9.8125,-3.625,-1.66,0.05,-0.41
214.0625,-9.75,-3.75,-1.74,-0.5,-0.58
213.5,-9.875,-3.875,-1.51,-0.86,-0.44
213.0625,-10,-4.0625,-1.3,-1.51,0.34
212.625,-10.1875,-4.3125,-0.28,-3.01,0.85
211.75,-10.5,-4.8125,-0.26,-3.28,0.93
211.625,-10.5,-4.75,0.07,-3.16,0.53
211.3125,-10.375,-4.25,-0.29,-2.93,0.03
211.1875,-10.1875,-3.5,-1.51,-0.95,-0.59
211.0625,-10.0625,-2.5625,-1.84,0.5,-1.29
210.875,-10.0625,-1.6875,-1.32,1.13,-1.67
210.8125,-10.125,-1.0625,-1.01,0.97,-1.69
210.5625,-10.375,-0.5625,-0.91,0.63,-1.48
210.4375,-10.4375,-0.75,-0.84,0.03,-1.15
210.375,-10.5,-1.0625,-0.93,-1.14,0.1
210.3125,-10.625,-1.4375,-0.71,-1.92,0.62
210.375,-10.6875,-1.8125,-0.28,-2.71,0.86
210.4375,-10.6875,-1.9375,0.08,-3.09,1.07
210.625,-10.625,-1.8125,0.56,-2.68,0.29
211.1875,-10.1875,-0.375,0.24,-1.68,-0.26
211.5,-9.875,0.75,-0.11,-0.55,-1
211.8125,-9.375,2,-1.35,2.07,-2.2
212.0625,-9,3.125,-1.8,2.95,-2.75
212.3125,-8.6875,3.9375,-2.17,3.47,-2.87
212.5,-8.5,4.1875,-1.58,2.92,-2.53
212.5625,-8.5625,4,-0.62,1.04,-1.03
212.625,-8.625,3.5,-0.18,0.07,-0.2
212.75,-8.9375,2.3125,1.23,-1.56,0.53
212.875,-8.875,1.875,1.38,-1.71,0.74
213.0625,-8.5625,1.6875,1.25,-1.5,0.75
213.125,-8.0625,1.75,0.26,-1.34,0.84
213.1875,-7.375,1.9375,-1.77,-0.99,-1.1
213.25,-6.625,2.125,-2.93,-0.95,-1.62
213.25,-5.875,2.4375,-4.39,-0.24,-2.11
213.5,-4.8125,3.0625,-4.3,-0.11,-2.26
213.75,-4.8125,3.3125,-3.77,0.09,-1.93
214.0625,-5.0625,3.4375,-2.94,0.28,-1.16
214.5,-5.5,3.3125,-0.7,-0.17,0.28
214.9375,-5.9375,3.125,0.31,-0.38,0.96
215.3125,-6.25,2.8125,1.13,-0.84,1.36
215.6875,-6.3125,2.625,0.53,-1.13,1.56
216.0625,-6,2.4375,-0.5,-1.09,1.17
216.4375,-5.4375,2.375,-1.36,-1.1,0.48
217.125,-3.6875,2.3125,-2.41,-1.04,-0.21
217.5625,-2.8125,2.3125,-3.9,-0.73,-0.99
218.0625,-2,2.1875,-4.42,-0.95,-1.2
218.5625,-1.4375,1.9375,-4.8,-1.25,-1.07
219.1875,-1,1.5,-4.38,-2.11,-0.25
219.9375,-0.75,1,-3.03,-3.04,0.8
221.5,-0.875,0.375,-2.03,-3.23,1.3
222.3125,-1.125,0.5625,-0.66,-2.63,1.98
223.25,-1.1875,0.9375,-0.55,-1.69,2.16
224.25,-1,1.5625,-0.69,-0.93,1.98
225.1875,-0.625,2.25,-0.92,-0.3,1.54
226.1875,0,2.8125,-1.49,0.33,0.15
227.125,0.75,3.25,-2.87,0.46,-1.26
228,1.625,3.5625,-3.53,0.68,-1.52
229.5625,2.9375,4.1875,-3.11,0.51,-1.68
230.3125,3.125,4.4375,-2.73,0.53,-1.25
231.0625,3.1875,4.5625,-2.22,0.45,-0.75
231.8125,3.1875,4.625,-0.92,-0.17,-0.1
232.5,3.1875,4.6875,-0.53,-0.37,0.18
233.25,3.25,4.75,-0.61,-0.39,0.49
233.9375,3.5,4.875,-0.91,-0.39,-0.26
235.375,4.3125,5.3125,-1.34,-0.11,-0.46
236.0625,4.6875,5.75,-1.39,0.3,-0.73
236.75,5,6.3125,-1.63,0.78,-0.55
237.4375,5.1875,6.8125,-1.04,1.22,-0.41
238.1875,5.3125,7.125,-0.64,1.2,-0.39
238.8125,5.4375,7.4375,-0.38,1.14,-0.4
239.4375,5.625,7.6875,-0.44,1.08,-0.63
240.5625,6.1875,8,-0.79,1.08,-0.66
241.125,6.5,8.1875,-0.97,0.99,-0.69
241.5625,6.75,8.375,-0.93,0.54,-0.98
242.0625,6.9375,8.5625,-0.92,0.6,-0.92
242.625,7.0625,8.8125,-0.64,0.61,-0.98
243.125,7.125,9.1875,-0.74,0.85,-0.75
243.6875,7.25,9.5,0.39,1.4,-2.22
244.4375,7.375,9.8125,-1.15,1.96,-1.25
245.625,7.6875,10.5,-0.29,1.62,-2.31
246.1875,7.75,10.8125,-0.58,2.53,-2.03
246.625,7.6875,11.1875,-0.57,2.74,-1.78
247.0625,7.5625,11.4375,-0.16,2.91,-1.63
247.4375,7.375,11.4375,-0.06,2.86,-1.23
247.75,7.1875,11.3125,0.13,1.62,-0.24
248,7.1875,10.9375,-0.22,0.8,0.08
248.1875,7.1875,10.4375,-0.31,0.06,0.05
248.75,7.5,9.125,-0.39,-0.85,0.07
249.0625,7.625,8.5,-1.21,-1.47,0.77
249.125,7.6875,8.125,-0.82,-2.1,0.49
249.5625,7.8125,7.8125,-0.91,-1.91,0.4
249.9375,7.9375,7.8125,-1.22,-1.78,0.17
250.4375,8.125,7.9375,-1.81,-0.49,-0.35
251.625,8.5,8.4375,-1.98,0.32,-0.68
252.375,8.625,8.6875,-1.8,0.83,-0.62
253.0625,8.625,8.875,-1.43,0.79,-0.59
253.6875,8.5,9,-0.78,0.84,-0.76
254.375,8.375,9,-0.01,0.82,-0.64
254.9375,8.25,9,0,0.73,-0.42
255.5,8.25,8.9375,0.1,0.79,-0.45
256,8.3125,8.875,-1.01,0.33,-0.34
256.875,8.75,8.6875,-1.41,0,-0.36
257.1875,9,8.5,-1.77,-0.49,-0.4
257.6875,9.125,8.375,-2.16,-0.83,-0.33
258.1875,9.3125,8.1875,-2.13,-1.11,-0.34
258.8125,9.25,8.375,-1.85,-0.98,-0.32
259.4375,9.0625,8.75,-1.09,0.52,-0.05
260.0625,8.8125,9.25,-0.92,1.1,0
260.75,8.6875,9.75,-0.74,1.5,0
261.875,8.375,10.5,-0.48,1.68,-0.17
262.3125,8.25,10.6875,-0.66,1.82,0.15
262.6875,8.1875,10.6875,-0.77,1.6,0.38
263.0625,8.125,10.5,-0.91,1.18,0.7
263.3125,8.1875,10.25,-0.79,-0.21,0.72
263.625,8.1875,10.0625,-0.9,-1.1,0.54
264.4375,8.5,10.0625,-1.22,-1.18,0.47
264.9375,8.75,10.25,-2.07,-0.66,0.17
265.5,8.9375,10.5,-2.44,-0.33,0.09
266.125,8.9375,10.8125,-2.51,-0.15,-0.06
266.75,8.875,11.125,-2.25,0.09,-0.08
267.375,8.75,11.375,-1.49,0.52,0.04
268.0625,8.5625,11.6875,-0.84,1.16,0.53
268.75,8.5,11.875,-0.77,1.2,0.71
269.9375,8.5,11.8125,-0.63,0.86,1.02
270.4375,8.5625,11.8125,-0.56,0.4,1.08
271,8.75,11.75,-0.59,0.17,1.23
271.5,8.9375,11.6875,-1.01,-0.08,1.36
272.0625,9.25,11.75,-1.28,-0.13,1.31
272.6875,9.5625,11.75,-1.56,-0.2,0.81
273.3125,9.9375,11.875,-1.79,0.05,0.34
274,10.25,12,-1.92,0.25,0
275.4375,11,12.25,-2.14,0.47,-0.24
276.1875,11.25,12.375,-2.26,0.59,-0.35
276.875,11.375,12.5,-2.2,0.75,-0.21
277.5625,11.4375,12.625,-1.93,0.72,-0.06
278.3125,11.375,12.75,-1.5,0.69,0.03
279.0625,11.25,12.875,-0.24,1.02,0.45
280.5,11.3125,13.3125,0.05,1.1,0.39
281.1875,11.5,13.5,-0.04,1.17,0.25
281.8125,11.8125,13.6875,-0.58,1.17,-0.56
282.375,12.1875,13.9375,-1.11,1.2,-1
283,12.5625,14.1875,-2.27,1.42,-1.54
283.5625,12.875,14.375,-2.65,1.47,-1.66
284.1875,13,14.5,-2.23,1.31,-1.65
285.375,12.6875,14.625,-1.94,1.28,-1.16
286,12.3125,14.6875,-1.19,1.2,-0.78
286.6875,11.9375,14.6875,-0.15,1.12,0.19
287.3125,11.625,14.6875,0.26,1.07,0.47
287.9375,11.375,14.75,0.62,1.04,0.62
288.5,11.25,14.875,0.91,1.39,0.36
289.6875,11.3125,15.375,0.79,1.74,0.12
290.1875,11.4375,15.6875,0.75,2.02,-0.41
290.625,11.6875,16,0.15,2.4,-1.31
291,12,16.125,-0.51,2.41,-1.57
291.375,12.375,16.0625,-0.96,2.32,-1.93
291.625,12.625,15.9375,-1.94,1.24,-2.19
291.875,12.8125,15.6875,-1.98,0.85,-2.03
292.5,12.6875,14.9375,-2.01,0.59,-1.55
292.875,12.4375,14.625,-1.43,0.42,-1.16
293.3125,12.0625,14.25,-0.31,0.16,-0.18
293.75,11.75,13.9375,0.1,0.17,0.28
294.1875,11.5,13.6875,0.43,-0.03,0.41
294.5625,11.4375,13.4375,-0.12,-0.17,0.09
295,11.5625,13.3125,-0.68,-0.11,-0.28
295.875,12,13.3125,-1.43,0.24,-0.45
296.375,12.0625,13.4375,-1.95,0.82,-0.95
296.875,12,13.5,-1.93,1.1,-0.87
297.375,11.8125,13.4375,-1.55,1.31,-0.8
297.9375,11.5,13.375,-1.08,1.33,-0.6
298.4375,11.125,13.25,-0.35,1.67,0.42
299,10.6875,13.125,0.65,1.44,1.09
299.875,10,12.8125,1.07,1.34,1.13
300.25,9.8125,12.75,1.32,1.15,1.11
300.625,9.6875,12.75,1.63,0.95,0.27
300.9375,9.6875,13,0.89,1.64,0.35
301.25,9.6875,13.4375,0.02,2.61,-0.64
301.5625,9.6875,13.8125,-0.43,3.83,-1.17
301.8125,9.625,14.1875,-0.79,4.44,-0.62
302.1875,8.9375,14.3125,0.02,4.36,0.27
302.1875,8.375,13.9375,0.82,3.78,0.9
302.1875,7.75,13.4375,1.88,2.96,1.25
302,7.125,13.0625,2.66,2.18,1.47
301.875,6.75,12.8125,3.18,1.68,1.3
301.6875,6.5625,12.875,2.16,2.66,0.58
301.4375,6.5625,13.125,1.13,3.32,0.09
300.8125,6.9375,13.625,-0.66,4.15,-0.8
300.375,7.0625,13.625,-1.2,3.97,-1.05
299.8125,7,13.25,-1.4,3.42,-0.97
299.25,6.6875,12.5625,-0.6,1.41,-0.41
298.6875,6.1875,11.75,0.66,-0.64,0.32
298.125,5.625,11.0625,1.13,-1.15,0.64
297.625,5.0625,10.5625,1.6,-1.31,0.4
296.875,4.375,10.3125,1.13,-0.7,0.3
296.5625,4.25,10.5625,0.56,0.09,0.1
296.25,4.1875,10.9375,-0.06,0.76,-0.12
296,4.0625,11.125,-0.61,1.66,-0.25
295.6875,3.8125,11.1875,-0.34,1.46,-0.34
295.3125,3.4375,11.0625,0.01,1.12,-0.17
294.9375,2.9375,10.875,1.78,0.55,0.42
294.5625,2.4375,10.8125,2.1,0.72,0.64
293.8125,1.6875,10.75,2.21,0.85,0.54
293.375,1.625,10.75,1.36,1.23,0.43
292.875,1.6875,10.6875,0.69,1.26,0.34
292.3125,1.8125,10.5,0.1,0.94,0.11
291.75,1.9375,10.125,-0.49,0.69,0.2
291.1875,2,9.6875,-0.19,-0.96,-0.04
290.6875,1.875,9.3125,0.03,-1.09,0.18
289.8125,1.3125,8.9375,0.72,-1.23,0.15
289.5,1,9.0625,1.41,-0.3,0.48
289.25,0.6875,9.375,1.69,0.19,0.38
288.9375,0.4375,9.75,1.9,0.74,0.12
288.625,0.3125,10.1875,1.72,1.38,0.05
288.1875,0.25,10.5625,1.44,2.06,-0.29
287.75,0.125,10.75,1.4,1.78,-0.31
287.25,0.0625,10.8125,1.56,1.03,-0.4
286.125,-0.0625,10.625,1.37,0.79,-0.15
285.5,-0.125,10.5,1.2,0.62,0.07
284.9375,-0.125,10.375,1.05,0.59,0.35
284.375,-0.1875,10.25,1,0.31,0.85
283.75,-0.1875,10.125,0.98,0.08,1.14
283.1875,-0.0625,9.875,1.39,-0.26,0.93
282.6875,0,9.5625,1.2,-0.98,0.32
281.4375,0.4375,9.5,1.05,-0.84,-0.13
280.875,0.6875,9.625,0.72,-0.8,-0.57
280.1875,0.875,9.9375,0.4,-0.48,-0.82
279.6875,1.0625,10.3125,0.24,0.59,-1.12
279.125,1.125,10.625,0.27,0.67,-1.25
278.5,1.0625,10.8125,0.5,0.71,-1.43
277.9375,1.0625,10.8125,0.79,-0.02,-1.2
276.5,0.8125,10.625,0.98,-0.29,-1.08
275.75,0.6875,10.4375,1.08,-0.67,-0.92
275,0.5,10.375,1.29,-1.01,-0.73
274.25,0.375,10.375,1.45,-1.04,-0.78
273.5,0.1875,10.5,1.5,-0.81,-0.67
272.75,0.0625,10.6875,1.56,-0.68,-0.42
272,-0.0625,10.9375,1.72,-0.79,-0.61
270.375,-0.25,11.375,1.51,-0.88,-0.72
269.625,0,11.75,1.18,-0.95,-0.89
268.875,0,12,0.63,-1.1,-1.6
268.1875,0.125,12.3125,0.4,-0.98,-2.13
267.5625,0.125,12.75,0.16,-0.57,-2.55
267,0.0625,13.4375,0.1,1.15,-2.87
266.5,-0.125,14.25,0.7,2.94,-2.32
265.9375,-0.625,15.0625,1.15,3.66,-1.64
264.625,-1.875,15.875,2.33,3.23,-0.27
263.6875,-2.5,15.6875,2.74,2.57,0.42
262.6875,-3,15.1875,2.85,1.49,0.85
261.4375,-3.1875,14.375,2.32,0.28,1.32
260.125,-3.0625,13.5,0.8,-1.5,1.39
258.875,-2.5625,12.625,0.06,-2.44,0.18
257.5,-1.8125,11.875,-2.07,-3.52,-1.05
255.25,-0.5,11,-4.05,-3.48,-1.95
254.3125,-0.1875,10.875,-4.77,-3.19,-1.91
253.5,-0.1875,10.9375,-4.35,-2.87,-2.05
252.875,-0.5,11.125,-3,-2.33,-1.08
252.3125,-1.1875,11.375,-0.58,-1.89,-0.03
251.875,-2,11.5625,0.37,-1.69,0.5
251.5,-2.875,11.8125,1.51,-1,0.79
250.75,-4.0625,12.5625,1.74,-0.55,0.62
250.3125,-4.375,13.125,1.74,-0.01,0.13
249.8125,-4.375,13.75,1.36,0.75,-0.44
249.3125,-4.25,14.375,-0.1,1.99,-1.63
248.75,-4.0625,14.875,-0.75,2.53,-2.09
248.1875,-3.875,15.1875,-1.61,2.58,-1.98
247.5,-3.875,15.25,-1.05,1.48,-0.94
246.0625,-4.4375,14.375,-0.55,0.47,-0.32
245.25,-4.8125,13.625,-0.07,-0.5,0.16
244.5,-5.1875,12.875,0.06,-1.67,1.1
243.75,-5.375,12.25,-0.02,-2.04,1.32
243,-5.5,11.875,-0.24,-2.03,1.48
242.3125,-5.5625,11.75,-0.55,-1.85,1.49
241.6875,-5.5,11.8125,-0.93,-0.97,0.55
240.5,-5.375,12.1875,-0.96,-0.7,0.2
239.9375,-5.3125,12.375,-1,-0.55,-0.17
239.375,-5.1875,12.5625,-1.15,-0.25,-0.74
238.875,-5.125,12.75,-1.11,-0.24,-1.13
238.375,-5.125,12.875,-1.11,-0.06,-1.21
237.875,-5.1875,13,-0.35,0.41,-0.63
237.3125,-5.375,13.125,0.24,0.24,-0.58
236.8125,-5.6875,13.125,0.58,-0.05,-0.41
235.6875,-6.0625,12.8125,0.53,-0.71,-0.33
235.125,-6.0625,12.5625,0.12,-1.06,-0.41
234.5,-5.9375,12.3125,-0.28,-1.16,-0.64
233.9375,-5.75,12.1875,-0.77,-1.13,-0.88
233.375,-5.5625,12.125,-1.43,-0.83,-1.21
232.875,-5.4375,12.0625,-1.42,-0.66,-1.25
231.9375,-5.5,11.9375,-1.22,-0.75,-1.2
231.5625,-5.6875,11.75,-1.08,-0.75,-0.59
231.125,-5.8125,11.625,-0.97,-0.85,-0.21
230.75,-6,11.4375,-0.75,-0.86,0.16
230.4375,-6.1875,11.1875,-0.03,-1.21,1.11
230.0625,-6.375,11.0625,0.13,-1.42,1.25
229.75,-6.4375,10.9375,0.27,-1.67,0.91
229.125,-6.125,11.0625,-0.91,-0.82,0.74
228.8125,-5.875,11.3125,-1.01,-0.73,0.15
228.625,-5.5625,11.5,-1.72,-0.08,0.24
228.375,-5.4375,11.75,-1.62,0.22,-0.2
228.125,-5.375,11.875,-1.79,0.66,0.03
227.875,-5.375,11.875,-1.04,0.15,0.29
227.375,-5.4375,11.5625,-0.85,-0.23,0.59
227.1875,-5.4375,11.375,-0.38,-0.79,0.86
226.9375,-5.3125,11.25,-0.5,-0.99,1.01
226.8125,-5.0625,11.1875,-0.6,-0.87,1.08
226.5625,-4.8125,11.25,-0.49,-1.04,0.74
226.4375,-4.4375,11.3125,-1.41,-0.75,-0.19
226.3125,-4.0625,11.5,-1.8,-0.63,-0.53
226.1875,-3.75,11.8125,-2.15,0.08,-1.07
226.125,-3.1875,12.25,-2.35,0.26,-1.19
226.1875,-3.0625,12.4375,-2.24,0.44,-1.16
226.25,-3.125,12.5625,-1.81,0.47,-1.06
226.25,-3.25,12.5625,-0.8,0.42,-0.4
226.25,-3.375,12.5625,-0.34,0.4,0.11
226.25,-3.4375,12.5,0.06,0.04,0.87
226.1875,-3.25,12.375,-0.67,-0.4,0.73
226,-2.3125,12.125,-1.43,-0.58,0.5
225.875,-1.5625,11.9375,-2.51,-0.68,0.38
225.8125,-0.8125,11.75,-4.23,-1.09,0.04
225.8125,-0.1875,11.4375,-4.91,-1.52,0
225.875,0.25,11,-5.09,-1.97,0
226.125,0.625,10.5,-4.11,-3.62,0.76
226.3125,0.8125,10.125,-3.5,-3.8,0.9
227.375,1,10.1875,-3.44,-3.48,1.44
228.0625,1,10.6875,-2.89,-3.18,1.25
229,1,11.5,-2.16,-1.24,0.71
229.9375,1,12.625,-2.21,0.09,0.73
231,1,13.6875,-1.79,3.05,0.46
231.9375,1,14.6875,-1.15,4.02,0.36
232.75,1,15.375,-0.74,4.04,0.62
234.1875,1,15.4375,-0.34,3.42,0.94
234.6875,1.125,15.0625,0.04,2,1.99
235.125,1.3125,14.5,0.06,1.05,2.46
235.5,1.6875,13.9375,-0.03,-0.08,2.6
235.9375,2.25,13.375,-0.43,-0.96,2.65
236.3125,3,13,-2.43,-2.66,1.54
237.3125,4.75,12.9375,-3.25,-2.64,0.88
238,5.6875,13.3125,-4.2,-2.35,0.33
238.875,6.375,13.875,-5.33,-0.98,-0.18
239.8125,6.875,14.5,-5.26,-0.39,-0.23
240.875,7.125,15.0625,-4.7,0.11,-0.15
241.9375,7.1875,15.5625,-2.14,0.84,0.67
243.0625,7.1875,16,-1.37,0.94,0.87
244.25,7.25,16.4375,-0.77,1,0.83
246.5,7.9375,17.3125,-0.49,1.25,0.37
247.5625,8.5625,17.8125,-0.68,1.44,-0.15
248.5,9.3125,18.375,-1.24,1.63,-0.76
249.4375,10.1875,18.875,-2.2,1.85,-1.12
250.3125,11.125,19.1875,-3.56,1.74,-2.23
251.1875,11.9375,19.5,-4.26,1.2,-2.63
252.125,12.625,19.625,-4.35,0.99,-2.43
254.125,13.375,19.6875,-3.5,0.23,-1.85
255.25,13.5,19.75,-2.67,0.14,-1.47
256.5625,13.5625,19.875,-1.79,0.21,-1.14
257.875,13.625,20.1875,-0.98,0.53,-0.85
259.25,13.875,20.6875,-0.1,1.94,-0.6
260.5,14.25,21.25,-0.5,3.27,-1.03
261.6875,14.8125,21.6875,-1.72,3.5,-1.39
263.5,16.1875,21.9375,-2.33,3.06,-1.61
264.3125,16.875,21.6875,-2.71,2.29,-1.72
265.0625,17.3125,21.3125,-2.91,1.42,-1.66
265.875,17.625,21,-2.58,0.51,-0.9
266.75,17.8125,20.75,-1.71,0.57,0.09
267.75,17.875,20.6875,-1.32,0.88,0.56
269.9375,18.125,20.75,-0.58,1.3,0.74
270.9375,18.375,20.8125,-0.42,1.51,0.68
272,18.6875,20.9375,-0.41,1.77,0.54
272.9375,19.1875,21.0625,-0.5,1.88,0.15
273.875,19.75,21.1875,-1.25,2.05,-0.48
274.75,20.25,21.1875,-1.79,1.88,-1.11
275.625,20.75,21.1875,-1.8,1.89,-1.2
277.375,21.5,21,-1.7,1.85,-1.21
278.25,21.8125,20.8125,-1.63,1.82,-1.11
279.0625,22,20.625,-1.44,1.61,-1.13
279.875,22.1875,20.3125,-1.22,1.3,-0.96
280.6875,22.3125,20.0625,-1.39,0.87,-0.9
281.5,22.5,19.8125,-1.6,0.76,-0.87
282.3125,22.6875,19.5,-1.68,0.35,-1.07
283.9375,22.875,19,-1.73,0.48,-0.95
284.8125,22.875,18.75,-1.49,0.31,-1
285.6875,22.875,18.5625,-1.28,0.11,-1.09
286.625,22.9375,18.3125,-1,0.27,-0.84
287.5,22.9375,18.0625,-0.73,0.19,-0.83
288.5,22.9375,17.9375,-0.46,1.11,-0.77
290.5,23,17.9375,-0.46,1.62,-0.74
291.5,23,18,-0.14,2.04,-0.97
292.4375,23.0625,18,0.05,2.27,-1.23
293.3125,23.125,17.9375,0.31,2.53,-1.8
294.0625,23.25,17.8125,-0.22,2.33,-1.93
294.6875,23.375,17.5625,-0.52,2.12,-1.82
295.3125,23.5625,17.25,-0.55,1.38,-1.57
296.3125,23.5625,16.3125,-0.38,0.95,-1.45
296.8125,23.5,15.875,-0.14,0.65,-1.32
297.3125,23.4375,15.5,-0.16,0.6,-1.01
297.8125,23.375,15.1875,-0.31,0.67,-0.47
298.25,23.375,14.8125,-0.59,0.71,-0.17
298.6875,23.4375,14.5,-0.87,0.03,-0.2
299.0625,23.5,14.0625,-1.1,-0.44,-0.46
299.8125,23.9375,13.125,-1.32,-0.9,-0.76
300.25,24.1875,12.75,-1.65,-1.1,-0.87
300.75,24.4375,12.375,-1.93,-1.2,-1.3
301.3125,24.625,12.125,-1.92,-1.04,-1.47
301.9375,24.75,11.9375,-2.1,-0.68,-1.46
302.625,24.8125,11.8125,-2.08,0.02,-1.41
303.3125,24.875,11.5625,-1.95,-0.14,-1.42
304.5,25.0625,10.6875,-1.86,-0.43,-1.42
305.125,25.125,10.1875,-1.95,-0.68,-1.24
305.75,25.25,9.5625,-2.01,-0.89,-0.84
306.375,25.375,9,-1.97,-0.92,-0.69
307.125,25.4375,8.5,-1.76,-0.86,-0.66
307.875,25.5625,8.0625,-1.34,0.04,-0.98
308.75,25.625,7.75,-1.22,0.48,-1.22
310.5,25.8125,7.3125,-1.34,1,-1.25
311.375,25.875,7.0625,-1.23,1.88,-1.44
312.25,25.9375,6.75,-1.2,2.14,-1.29
313.0625,25.9375,6.3125,-0.97,2.25,-1.06
313.75,25.875,5.8125,-0.64,2.2,-0.75
314.4375,25.8125,5.125,0.49,1.19,-0.12
315,25.8125,4.375,0.48,0.82,0.09
316.0625,26.125,2.875,0.21,0.52,0.23
316.5625,26.4375,2.1875,-0.45,0.17,0
317.125,26.8125,1.5625,-0.87,0.07,-0.27
317.75,27.1875,1.0625,-1.03,0.04,-0.75
318.375,27.5625,0.625,-1.99,0.29,-1.57
319.0625,27.875,0.1875,-2.37,0.25,-1.58
319.75,28.1875,-0.1875,-2.58,0,-1.59
321.125,28.5,-1.3125,-2.69,-0.67,-1.41
321.8125,28.4375,-1.875,-2.48,-1,-1.19
322.625,28.25,-2.375,-2.1,-1.21,-0.94
323.5625,27.9375,-2.75,-1.57,-1.21,-0.68
324.5625,27.5,-2.875,-0.37,-0.48,-0.61
325.75,27.0625,-2.8125,0.33,1.18,-0.74
327,26.6875,-2.5625,0.47,2.98,-0.96
329.4375,26.125,-1.8125,0.27,3.73,-1.18
330.5,26,-1.5,0.29,4.22,-1.63
331.4375,25.9375,-1.375,-0.24,4.32,-1.82
332.1875,25.875,-1.5,-0.99,3.72,-2.26
332.6875,25.9375,-1.875,-1.2,2.96,-2.35
333.0625,25.9375,-2.4375,-2.04,2.2,-1.59
333.3125,25.8125,-3.125,-1.07,-0.68,-0.26
333.8125,25.0625,-4.6875,-0.47,-1.29,0.07
334.25,24.625,-5.25,0.04,-1.54,0.14
334.875,24.25,-5.625,0.04,-1.25,0.27
335.5625,24.0625,-5.6875,-0.78,-0.12,-0.09
336.3125,24.0625,-5.75,-1.36,0.49,-0.59
337.125,24.0625,-5.6875,-2.78,1.59,-1.45
337.9375,24.0625,-5.8125,-2.73,1.42,-1.58
338.6875,24,-6,-2.56,1.16,-1.49
340,23.25,-6.8125,-2.34,0.97,-1.02
340.625,22.625,-7.3125,-1.33,0.56,0.16
341.25,21.875,-7.75,-0.54,0.49,0.49
341.9375,21.0625,-8.125,0.15,0.6,0.83
342.6875,20.25,-8.3125,0.69,0.79,0.87
343.375,19.5625,-8.375,0.84,2.23,1.24
344.625,18.5625,-8.25,0.81,2.49,1.12
345.1875,18.3125,-8.375,0.71,2.42,0.96
345.5625,18.1875,-8.625,0.21,1.6,0.39
345.875,18.1875,-9,-0.35,1.06,0.18
346.125,18.3125,-9.4375,-2.65,-0.58,-0.75
346.375,18.5,-9.9375,-3.36,-0.99,-1.11
346.6875,18.75,-10.375,-4.11,-1.22,-1.14
347.5625,18.8125,-11.1875,-4.42,-1.28,-1.11
348.125,18.4375,-11.4375,-3.71,-0.79,-0.45
348.8125,17.75,-11.5625,-2.89,-0.25,0.22
349.5625,16.75,-11.625,-1.83,0.44,1.04
350.375,15.5625,-11.625,-0.52,0.91,1.7
351.1875,14.375,-11.5,2.22,1.97,2.77
351.9375,13.3125,-11.5,2.49,2,2.56
352.625,12.5625,-11.5,2.2,2.02,2.23
353.9375,12.3125,-11.875,0.3,1.89,1.1
354.4375,12.75,-12.1875,-0.93,1.69,0.49
354.9375,13.25,-12.5625,-2.07,1.42,0.07
355.4375,13.75,-13.125,-3.23,-0.43,-0.61
355.875,13.75,-13.8125,-2.91,-1.02,-0.38
356.3125,13.8125,-14.4375,-2.35,-1.35,0.08
357.5,12.75,-15,-0.85,-1,0.96
358.1875,12.125,-14.9375,-0.05,-0.59,1.1
359,11.6875,-14.8125,0.39,0.11,1.2
359.75,11.4375,-14.625,0.63,0.86,1.03
0.5625,11.375,-14.5,0.11,2.01,0.34
1.25,11.5,-14.625,-1.1,2.24,-0.44
1.875,11.75,-14.875,-1.74,1.84,-0.75
2.9375,12.1875,-16.125,-2.65,0.6,-1.04
3.4375,12.1875,-16.875,-2.74,-0.26,-1.01
3.9375,12,-17.6875,-2.71,-1.03,-0.71
4.5625,11.6875,-18.3125,-2.14,-1.76,0.29
5.1875,11.1875,-18.75,-1.64,-1.75,0.86
6,10.625,-19,-1.14,-1.4,1.56
6.875,10.0625,-19.125,0.8,0.46,2.54
8.9375,9.1875,-19.1875,1.18,1.25,2.78
10,9,-19.3125,1.4,1.94,2.97
11.125,9.125,-19.5625,1.64,2.6,3.02
12.1875,9.5,-20.125,1.79,3.07,2.65
13.1875,10.125,-21,1.45,2.94,2.37
14.125,11.0625,-22,-0.22,2.22,1.99
15,12.125,-23.25,-1.84,1.33,2.16
15.8125,13.125,-24.5625,-2.1,0.5,2.47
17.1875,14.5,-27.375,-1.77,-0.44,2.88
17.875,14.875,-28.6875,-0.05,-1.92,3.62
18.625,15.25,-29.625,0.69,-2.35,3.8
19.5625,15.625,-30.25,1.04,-2.31,3.86
20.625,16.1875,-30.5,0.94,-1.75,3.6
21.9375,16.875,-30.5,-0.64,1.19,1.56
23.375,17.5625,-30.4375,-1.03,2.23,0.82
25.9375,18.75,-30.375,-1.19,2.81,0.13
27.0625,19.125,-30.5,-0.63,3.14,-0.85
27.875,19.5,-30.6875,-0.44,3.12,-0.72
28.625,19.6875,-30.9375,0.31,2.88,-0.72
29.25,19.9375,-31.3125,0.6,2.85,-0.28
29.75,20.25,-31.625,1.57,2.18,0.92
30.25,20.5625,-32,1.83,1.92,1.23
31.25,21.5,-32.8125,2.15,1.58,1.49
31.8125,22.125,-33.25,2.13,1.48,1.36
32.375,22.9375,-33.6875,1.8,1.31,1.06
33,23.875,-34.1875,1.35,1.19,0.49
33.625,24.9375,-34.625,-0.7,1.17,-1.46
34.25,25.9375,-35.0625,-1.26,1.3,-2.03
34.875,26.8125,-35.4375,-1.6,1.39,-2.57
35.875,27.9375,-36.0625,-1.59,1.91,-2.56
36.1875,28.125,-36.25,-1.22,2.15,-1.94
36.3125,28.125,-36.4375,-0.32,2.19,-1.14
36.3125,28,-36.75,0.65,1.98,-0.21
36.25,28,-37.125,2.54,1.08,1.57
36.1875,28.125,-37.625,3.13,0.31,1.85
36.25,28.625,-38.1875,1.6,-0.68,1.24
36.4375,29.3125,-38.5,0.59,-0.44,0.33
37.5,30.8125,-38.625,-0.36,0.14,-0.61
38.125,31.4375,-38.1875,-1.21,0.92,-1.53
38.75,31.8125,-37.625,-1.87,2.87,-2.49
39.1875,31.9375,-36.875,-1.63,3.74,-2.43
39.375,31.8125,-36.125,-1.03,4.29,-2
39.3125,31.5,-35.5625,2.05,3.78,-0.06
38.9375,31.3125,-35.125,2.8,3.07,0.63
37.875,31.3125,-35,3.22,2.23,1.21
37.3125,31.8125,-35.1875,3.5,1.23,1.22
36.875,32.5625,-35.375,2.2,0.01,0.92
36.5625,33.5625,-35.5,0.98,-0.25,0.4
36.3125,34.6875,-35.5,-2.58,0.01,-1.34
36.1875,35.75,-35.4375,-3.15,0.21,-1.7
36.0625,36.625,-35.125,-3.16,0.4,-1.81
35.5625,37.4375,-34.5,-2.65,0.45,-1.72
35.25,37.5,-34.125,-0.46,0.09,-0.95
34.9375,37.4375,-33.75,0.54,0.18,-0.34
34.625,37.375,-33.375,1.52,0.21,0
34.4375,37.5625,-33,2.09,0.49,0.25
34.375,37.9375,-32.625,1.76,1.88,-0.47
34.3125,39.375,-32.125,1.03,2.43,-0.93
34.25,40.375,-32,0.28,2.92,-1.51
34,41.375,-31.9375,-0.96,3.1,-2.76
33.5625,42.375,-32.125,-1.56,3.07,-3.06
32.9375,43.3125,-32.3125,-2.04,2.74,-3.07
32.1875,44.0625,-32.625,-1.72,1.03,-2.17
31.1875,44.75,-32.9375,-1.19,0.43,-1.68
30.1875,45.25,-33.0625,-0.54,-0.08,-1.32
28.1875,46.125,-32.9375,0.25,-0.39,-0.41
27.375,46.5625,-32.6875,0.62,-0.2,-0.23
26.625,47.0625,-32.3125,0.92,0.06,-0.33
26.0625,47.6875,-31.875,0.77,0.58,-0.33
25.4375,48.4375,-31.4375,0.54,1.35,-1.47
24.9375,49.375,-31.125,-0.67,1.98,-2.61
24.3125,50.4375,-30.875,-2.12,2.35,-3.35
22.6875,52.5625,-30.5625,-2.64,2.37,-3.47
21.625,53.5,-30.4375,-2.87,2.1,-3.43
20.375,54.25,-30.3125,-2.83,1.51,-3.26
18.875,54.875,-30.125,-2.19,0.04,-2.64
17.375,55.4375,-29.8125,-1.95,-0.56,-2.05
15.8125,55.8125,-29.3125,-0.78,-1.42,-1.04
13.125,56.4375,-28,0.12,-1.78,-0.68
12.0625,56.875,-27.1875,-0.06,-1.47,-0.48
11.125,57.375,-26.3125,-0.26,-1.07,-0.75
10.3125,58,-25.375,-0.88,-0.58,-0.88
9.5625,58.75,-24.5,-1.9,-0.01,-1.82
8.6875,59.375,-23.5625,-2.66,0.17,-2.39
7.8125,60,-22.625,-2.86,0.12,-2.52
5.8125,60.75,-20.5625,-2.74,-0.26,-2.28
4.75,60.875,-19.5,-2.41,-0.52,-2
3.6875,60.8125,-18.4375,-2.03,-0.78,-1.58
2.625,60.75,-17.3125,-1.15,-1.19,-0.8
1.625,60.625,-16.1875,-0.79,-1.3,-0.65
0.75,60.5625,-15.0625,-0.5,-1.35,-0.64
359.9375,60.5625,-14,-1.04,-0.88,-0.77
358.5625,60.75,-11.875,-1.23,-0.59,-0.91
357.9375,60.8125,-10.8125,-1.33,-0.32,-1.16
357.375,60.875,-9.8125,-1.26,-0.09,-1.47
356.75,60.9375,-8.75,-1.15,0.17,-1.84
356.125,60.9375,-7.6875,-1.2,0.4,-2.15
355.4375,61,-6.8125,-1.47,0.23,-2.09
354.6875,61,-5.875,-1.54,-0.01,-2.01
352.9375,61.0625,-4.375,-1.54,-0.35,-1.94
351.9375,60.9375,-3.625,-1.63,-0.61,-1.7
350.9375,60.8125,-2.875,-1.52,-1,-1.3
350.0625,60.5625,-2.1875,-1.51,-0.92,-0.95
349.25,60.25,-1.4375,-1.31,-0.88,-0.74
348.5,59.9375,-0.6875,-0.76,-0.57,-0.59
347.875,59.625,0,-0.73,-0.29,-0.65
346.75,59.125,1.3125,-0.87,-0.05,-0.7
346.1875,58.875,1.9375,-0.96,0.19,-0.94
345.6875,58.6875,2.625,-1.38,0.59,-1.08
345.125,58.4375,3.1875,-1.31,0.67,-1.21
344.5625,58.125,3.8125,-1.21,0.69,-1.24
344,57.75,4.3125,-1.04,0.73,-0.92
343.375,57.375,4.9375,-0.94,0.7,-0.79
342.0625,56.4375,6.0625,-0.8,0.62,-0.69
341.375,56,6.5625,-0.63,0.42,-0.54
340.6875,55.5625,7.125,-0.66,0.44,-0.47
340.0625,55.1875,7.625,-0.7,0.54,-0.53
339.375,54.8125,8.1875,-0.94,0.72,-0.44
338.75,54.5,8.6875,-1.15,0.91,-0.53
338.0625,54.125,9.25,-1.06,0.85,-0.63
336.5625,53.375,10.1875,-1.1,0.82,-0.6
335.8125,53.0625,10.625,-1.23,0.5,-0.69
335,52.6875,11,-1.51,0.4,-0.59
334.25,52.3125,11.5,-1.46,0.35,-0.72
333.5,51.875,11.9375,-1.46,0.46,-0.96
332.875,51.375,12.5,-1.13,1.31,-0.97
332.375,50.8125,13.125,-0.87,1.87,-0.71
331.3125,49.4375,14.3125,0.02,2.43,-0.37
330.625,48.75,14.875,0.27,2.59,-0.19
329.8125,48.0625,15.4375,0.33,2.53,-0.02
328.875,47.5625,15.875,0.15,2.4,0.16
327.8125,47.1875,16.25,-1.05,1.07,0.2
326.5625,46.9375,16.625,-1.42,0.49,0.01
325.3125,46.6875,16.9375,-1.54,-0.01,-0.35
322.9375,46.1875,17.625,-1.79,-0.43,-0.67
321.9375,45.8125,18,-1.75,-0.3,-0.77
321.0625,45.375,18.5,-1.6,0.06,-0.85
320.25,44.875,19.0625,-1.47,0.84,-0.9
319.5,44.375,19.5625,-1.44,1.17,-0.94
318.75,43.875,20,-1.63,1.29,-0.9
316.9375,43,20.5,-1.84,0.83,-0.59
315.9375,42.5,20.5,-1.75,0.41,-0.47
314.9375,42,20.5,-1.58,0.09,-0.34
313.9375,41.5,20.4375,-1.14,-0.32,-0.46
313,40.9375,20.5,-1.36,-0.48,-0.54
312.125,40.5625,20.625,-1.63,-0.36,-0.87
311.375,40.1875,20.8125,-2.03,-0.08,-1.08
310,39.5625,21.4375,-3.03,0.76,-1.05
309.375,39.25,21.6875,-2.97,0.94,-1.1
308.75,38.6875,21.8125,-2.87,0.94,-0.91
308.125,38.125,21.75,-1.88,0.44,-0.42
307.5,37.375,21.5,-1.23,-0.02,-0.31
306.8125,36.5625,21.3125,-0.64,-0.31,0.26
306.125,35.8125,21.1875,-0.8,-0.4,0.34
304.875,34.625,21.3125,-1.07,-0.34,0.21
304.25,34.1875,21.4375,-1.31,-0.22,0.04
303.625,33.8125,21.5625,-1.43,-0.1,-0.24
303,33.5,21.6875,-1.69,-0.18,-0.94
302.4375,33.25,21.75,-1.88,-0.29,-1.2
301.8125,33,21.6875,-2.05,-0.45,-1.58
301.1875,32.8125,21.625,-2.31,-0.72,-2.05
299.9375,32.1875,21.625,-2.58,-0.54,-1.89
299.4375,31.8125,21.5625,-2.46,-0.5,-1.97
299,31.3125,21.5,-2.16,0.14,-1.59
298.6875,30.8125,21.5,-1.95,0.45,-1.21
298.3125,30.1875,21.375,-1.39,0.5,-1.15
297.9375,29.625,21.125,-1.07,-0.07,-0.72
297.5,29.1875,20.8125,-1.34,-0.21,-0.59
296.5,28.5,20.0625,-1.66,-0.4,-0.57
296.0625,28.25,19.75,-1.81,-0.65,-0.86
295.625,27.9375,19.4375,-2.32,-0.79,-1.21
295.3125,27.625,19.1875,-2.53,-0.67,-1.31
295.0625,27.1875,19,-2.38,-0.56,-1.55
294.875,26.6875,18.8125,-1.98,0,-1.42
294.75,26.125,18.5625,-1.86,0.15,-1.21
294.375,24.875,18.125,-1.62,0.14,-1.22
294.1875,24.25,17.875,-1.64,0.13,-1
294,23.625,17.625,-1.79,0.22,-0.83
293.8125,23.0625,17.375,-1.8,0.27,-0.73
293.625,22.4375,17.0625,-1.39,0.01,-0.51
293.4375,21.75,16.6875,-1.24,-0.14,-0.47
293.125,20.5625,16,-1.15,-0.32,-0.51
293,20.0625,15.6875,-1.27,-0.39,-0.48
292.875,19.5625,15.5625,-1.91,-0.04,-0.19
292.8125,19,15.4375,-2.03,0.37,-0.13
292.75,18.375,15.375,-2.08,0.81,0.11
292.6875,17.6875,15.1875,-0.6,0.69,-0.05
292.625,17.0625,14.875,-0.38,0.47,-0.03
292.375,16.0625,14.25,-0.39,0.3,0.02
292.1875,15.6875,14,-0.97,0.14,-0.06
292.0625,15.375,13.875,-1.33,0.15,-0.21
291.9375,15,13.75,-1.65,0.15,-0.36
291.8125,14.625,13.625,-1.79,0.01,-0.73
291.6875,14.0625,13.5,-1.61,0,-0.57
291.625,13.5,13.4375,-1.39,0.03,-0.33
291.4375,12.1875,13.1875,-1.06,-0.05,-0.3
291.4375,11.625,13.0625,-0.89,-0.1,-0.02
291.375,11.125,12.9375,-0.91,-0.18,0
291.3125,10.625,12.8125,-1,-0.24,-0.05
291.25,10.1875,12.75,-1.12,-0.21,-0.11
291.1875,9.8125,12.6875,-1.49,0.02,-0.38
291.125,8.875,12.5625,-1.58,0.19,-0.32
291.125,8.4375,12.5,-1.25,0.39,-0.42
291.1875,7.9375,12.3125,-1.07,0.53,-0.36
291.125,7.4375,12.125,-0.95,0.53,-0.25
291.125,7,11.875,-0.84,0.51,-0.1
291.0625,6.5625,11.5625,-1.18,-0.03,-0.05
290.9375,6.1875,11.3125,-1.65,-0.1,0.01
290.8125,5.875,11,-2.12,-0.2,0.01
290.5625,5.125,10.5625,-2.69,-0.49,-0.01
290.5,4.625,10.3125,-2.49,-0.81,-0.18
290.5625,4,10.0625,-2.12,-1.07,-0.31
290.625,3.3125,10,-1.82,-1.01,-0.2
290.75,2.5625,10.0625,-1.56,-0.35,0.19
290.875,1.8125,10.1875,-1.07,0.47,0.37
291.0625,1.125,10.25,-0.95,0.84,0.52
291.3125,0,10.1875,-0.79,0.72,0.44
291.375,-0.5625,10.0625,-0.61,0.46,0.32
291.4375,-1.0625,9.8125,-0.72,0.34,0.56
291.4375,-1.4375,9.5625,-0.71,-0.16,0.31
291.5,-1.8125,9.375,-0.97,-0.08,0.38
291.5625,-2,9.1875,-1.32,-0.01,0.33
291.625,-2.1875,9,-2.14,0.31,0.1
291.875,-2.5625,8.5,-2.16,0.27,0.1
292,-2.8125,8.125,-2,0.11,0.04
292.1875,-3.0625,7.75,-1.77,-0.07,-0.06
292.375,-3.3125,7.3125,-1.44,-0.24,-0.09
292.625,-3.5625,7,-1.36,-0.16,-0.03
292.875,-3.875,6.75,-1.26,-0.01,0.04
293.0625,-4.125,6.5625,-1.2,0.88,0.26
293.3125,-4.375,6.375,-1.06,0.92,0.27
293.75,-4.75,5.625,-0.93,0.84,0.22
294,-4.8125,5.125,-1.14,0.55,0.19
294.1875,-4.875,4.5,-1.26,0.2,0.07
294.375,-4.875,3.9375,-1.4,-0.15,-0.03
294.625,-4.9375,3.375,-1.73,-0.19,0.12
294.875,-5.125,2.9375,-1.35,-0.22,0.73
295.125,-5.4375,2.5625,-0.82,-0.12,0.99
295.4375,-5.875,2.1875,-0.16,0.03,1.15
295.75,-6.3125,1.9375,0.36,0.43,1.19
296.375,-6.8125,1.625,0.45,0.69,1.03
296.625,-6.875,1.4375,0.18,0.85,0.87
296.875,-6.875,1.125,-0.55,1.01,0.77
297.0625,-6.875,0.8125,-0.68,0.76,0.76
297.25,-6.875,0.375,-0.73,0.24,0.61
297.5,-6.9375,-0.0625,-0.68,-0.41,0.94
297.6875,-7.125,-0.4375,-0.24,-0.46,0.93
297.875,-7.375,-0.6875,0.06,-0.32,0.96
298.25,-8,-0.5625,0.4,-0.04,0.81
298.4375,-8.3125,-0.25,0.42,1.06,0.63
298.5625,-8.5,0.0625,0.13,1.67,0.44
298.75,-8.6875,0.375,0.04,2.4,0.19
298.8125,-8.8125,0.625,-0.23,2.97,0.14
298.8125,-9,0.625,-0.27,2.92,-0.1
298.8125,-9.25,0.375,-0.2,2.12,0.09
298.6875,-9.5,0,-0.33,1.33,0.58
298.3125,-10,-0.8125,-0.32,0.92,0.83
298.0625,-10.375,-1.125,-0.34,0.67,1.11
297.875,-10.75,-1.375,-0.22,0.6,1.32
297.5625,-11.125,-1.5,0.25,0.52,1.32
297.3125,-11.5625,-1.5,0.51,0.75,1.2
296.9375,-11.9375,-1.3125,0.58,1.22,1.08
296.5625,-12.3125,-1.0625,0.16,2.39,0.43
295.625,-12.875,-0.5,-0.08,2.75,0.4
295.0625,-13.125,-0.3125,-0.28,3.06,0.38
294.4375,-13.4375,-0.3125,-0.42,3.21,0.58
293.75,-13.875,-0.4375,-0.03,2.6,1.02
293,-14.3125,-0.875,0.41,1.24,1.42
292.1875,-14.6875,-1.3125,0.09,0,1.37
291.375,-14.875,-1.8125,-0.42,-0.53,1.25
289.8125,-15,-2.5625,-0.85,-0.81,0.96
289.0625,-15.125,-2.625,-1.4,-0.76,0.94
288.3125,-15.375,-2.5,-1.48,-0.65,0.93
287.625,-15.875,-2.25,-1.1,-0.57,0.98
286.875,-16.5,-1.9375,-0.67,-0.42,1.06
286.25,-17.125,-1.5,0.72,0.52,1.22
285.625,-17.8125,-0.9375,1.25,1.02,1.2
284.4375,-19.125,0.25,1.56,1.59,1.32
283.75,-19.75,1,2.01,2.11,1.32
283.0625,-20.25,1.6875,2.26,3.19,1.34
282.3125,-20.625,2.1875,2.3,3.51,1.34
281.5,-20.875,2.4375,2.14,3.68,1.54
280.625,-20.9375,2.3125,1.79,2.7,1.45
279.75,-20.875,1.875,0.86,0.79,1.17
278.875,-20.625,1.1875,0.28,-0.17,0.97
277.125,-19.9375,-0.0625,-0.73,-1.28,0.56
276.3125,-19.625,-0.5,-1.04,-1.53,0.46
275.5625,-19.5,-0.6875,-1.1,-1.55,0.38
274.8125,-19.5625,-0.6875,-0.89,-1.45,0.29
274.125,-19.75,-0.5625,0.74,-0.53,0.31
273.4375,-20.0625,-0.3125,1.22,-0.09,0.41
272.875,-20.375,0,1.55,0.4,0.51
271.625,-20.75,0.5,1.73,1.14,0.65
271,-20.75,0.6875,1.54,1.31,0.68
270.3125,-20.6875,0.6875,1.33,1.38,0.7
269.5625,-20.5,0.5625,0.68,0.98,0.62
268.75,-20.25,0.25,0.41,0.52,0.51
267.9375,-20,-0.125,-0.05,-0.59,0.48
267.0625,-19.6875,-0.6875,-0.18,-1.8,0.53
265.375,-19.1875,-1.75,-0.26,-2.31,0.64
264.5625,-18.9375,-2.1875,-0.29,-2.78,0.57
263.8125,-18.6875,-2.5,-0.24,-3.07,0.45
263.125,-18.375,-2.625,-0.23,-3.02,0.03
262.4375,-18.125,-2.5,-0.28,-2.68,-0.32
261.875,-17.875,-2.25,-0.39,-2.16,-0.75
261.3125,-17.6875,-1.8125,-0.38,-0.26,-1.35
260.25,-17.6875,-0.9375,-0.08,0.17,-1.27
259.6875,-17.8125,-0.625,0.39,0.41,-1.01
259.125,-18.0625,-0.5625,1.12,0.27,-0.12
258.4375,-18.3125,-0.6875,1.49,0,0.41
257.8125,-18.5,-0.9375,1.7,-0.4,0.9
257.125,-18.625,-1.3125,1.88,-1.98,1.16
256.4375,-18.5625,-1.625,1.49,-2.22,0.93
255,-18.0625,-2,0.97,-2.28,0.4
254.3125,-17.625,-1.875,0.25,-2.04,-0.14
253.625,-17.1875,-1.5625,-0.99,-1.2,-1.39
252.9375,-16.875,-1.125,-1.41,-0.84,-2.07
252.25,-16.6875,-0.6875,-1.85,-0.32,-2.4
251.5625,-16.6875,-0.25,-1.82,0.39,-1.5
250.75,-17,0,-1.52,0.14,-0.34
249.1875,-18.125,-0.25,-0.68,-0.82,0.46
248.4375,-18.75,-0.875,0.56,-3.5,1.39
247.75,-19.25,-1.5625,1.11,-4.73,0.97
247.0625,-19.4375,-1.9375,0.21,-5.07,0.9
246.375,-19.4375,-1.75,-0.84,-4.94,0.47
245.875,-19.3125,-1,-3.92,-2.16,-1.06
245.3125,-19.25,0,-3.5,-1.39,-1.72
244.75,-19.4375,1.0625,-3.04,-0.31,-1.52
243.9375,-20.8125,3.3125,-1.23,0.77,-0.69
243.625,-21.75,4.1875,0,1.2,-0.28
243.375,-22.625,4.75,0.92,1.2,0.14
243.125,-23.3125,5,1.53,0.83,0.43
242.875,-23.75,5.125,1.49,0.28,0.87
242.5625,-23.9375,5.125,0.77,-0.44,0.53
242.25,-23.9375,5.125,-0.32,-0.59,-0.2
241.5625,-23.5625,5.5,-1.22,-0.44,-0.39
241.25,-23.3125,5.875,-1.81,0.09,-0.94
241.3125,-23.1875,6.5625,-0.72,-0.11,-2.65
241.1875,-23.125,7.0625,-1.63,0.67,-2.02
240.875,-23.3125,7.5625,-1.31,1.12,-1.77
240.75,-23.625,7.9375,-0.77,1.55,-1.35
240.625,-24.0625,8.3125,1.81,2.09,0.09
240.3125,-25.375,9,2.51,2.17,0.51
240.0625,-25.875,9.25,3.07,2.24,0.73
239.8125,-26.1875,9.4375,3.2,2.49,0.95
239.5625,-26.25,9.5625,2.6,2.69,0.98
239.1875,-26.125,9.5625,1.83,2.53,0.37
238.8125,-25.8125,9.4375,0.57,2.07,-0.06
238.375,-25.4375,9.1875,0.03,1.82,-0.18
237.5,-24.5,8.5,-0.27,1.34,-0.42
237,-24.1875,8.0625,-0.25,0.96,-0.56
236.5625,-24,7.6875,-0.13,0.48,-0.33
236.125,-23.875,7.4375,-0.04,0.43,-0.14
235.75,-23.8125,7.25,0.02,0.7,0.31
235.375,-23.8125,7.1875,1.37,1.18,0.98
234.625,-23.875,7.1875,1.88,1.25,0.82
234.1875,-23.5,7.1875,1.85,1.35,0.5
233.8125,-23.0625,7.1875,1.42,1.66,0.24
233.4375,-22.5,7.1875,-0.19,2.22,-0.13
233,-21.9375,6.9375,-0.77,2.22,-0.33
232.5625,-21.5,6.5625,-0.95,1.01,0.29
232.125,-21.1875,6,-0.51,0.4,0.59
231.6875,-21,5.3125,0.18,-0.25,0.74
230.9375,-20.5625,4.3125,0.52,-0.71,1.02
230.5,-20.1875,4.0625,0.66,-0.81,1.04
230.125,-19.625,4.0625,0,-0.59,0.87
229.75,-19,4.25,-0.76,-0.22,0.58
229.3125,-18.5,4.5,-1.29,0.15,0.19
229,-18.1875,4.75,-0.97,1.06,-0.15
228.6875,-18,5,-0.48,1.18,-0.07
228.375,-17.875,5.125,-0.23,1.38,0.24
227.8125,-17.5625,5.125,0.3,1.39,0.95
227.4375,-17.375,4.9375,0.73,0.99,1.1
227.125,-17,4.6875,0.77,0.53,1.21
226.75,-16.4375,4.4375,-0.08,-0.16,1.21
226.375,-15.75,4.25,-0.77,-0.39,1.03
226,-15.0625,4.25,-1.97,-0.64,0.35
225.6875,-14.5,4.375,-2.36,-0.44,-0.02
225,-13.875,4.9375,-2.24,-0.17,-0.01
224.75,-13.8125,5.3125,-1.84,0.08,0.09
224.5,-13.8125,5.6875,-1.44,0.23,0.24
224.25,-13.8125,6,-0.65,0.41,0.84
224,-13.875,6.25,-0.04,0.18,1.16
223.75,-13.75,6.5,-0.07,0.08,1.13
223.5625,-13.5,6.6875,-0.48,0.13,1.16
223,-13.0625,7.375,-0.54,0.25,1.13
222.75,-12.75,7.6875,-0.38,0.32,0.82
222.5,-12.4375,8,-0.56,0.54,0.8
222.4375,-12.125,8.4375,-0.47,0.92,0.23
222.375,-11.75,8.6875,0.41,0.71,-1.18
221.875,-11.25,8.75,-2.1,-0.77,-1.18
221.5625,-10.6875,8.625,-3.02,-1.37,-1.1
220.875,-9.6875,8.25,-3.58,-2.36,-1.49
220.75,-9.4375,8.25,-4.02,-2.66,-1.38
220.625,-9.5625,8.5,-3.61,-2.91,-0.6
220.6875,-10,9.0625,-2.31,-2.53,-0.26
220.875,-10.5,9.875,-1.26,-1.6,0.55
221.0625,-11.0625,10.875,0.2,-0.89,0.78
221.3125,-11.375,11.875,2.39,1.76,0.59
221.625,-11.125,13.8125,2.06,2.45,0.3
221.625,-10.625,14.5,0.8,3.49,-0.59
221.5,-10.0625,14.875,-0.15,3.44,-0.81
221.4375,-9.5,15,-0.73,3.24,-1.24
221.3125,-9,14.75,-1.33,0.96,-1.35
220.875,-8.75,14.3125,-0.91,0,-1.22
220.5625,-8.5625,13.6875,-0.83,-0.73,-0.63
219.8125,-8.4375,12.75,-0.61,-1.55,-0.31
219.5625,-8.375,12.5,-0.55,-1.87,0.5
219.3125,-8.3125,12.5625,-0.64,-1.83,0.71
219.125,-8.1875,12.8125,-0.6,-1.57,0.53
219.0625,-7.9375,13.25,-0.63,-0.95,0.23
219,-7.6875,13.75,-1.07,0.97,-0.56
218.9375,-7.4375,14.25,-1.08,1.31,-0.9
218.875,-6.875,14.75,-1.14,1.4,-1.27
218.75,-6.6875,14.8125,-1.18,1.22,-1.37
218.6875,-6.5,14.6875,-1.33,0.89,-1.26
218.5625,-6.3125,14.4375,-1.38,0.56,-1.08
218.5,-6.1875,14.1875,-1.19,-0.07,-0.33
218.4375,-6.125,13.8125,-0.73,-0.87,0.4
218.375,-6.0625,13.4375,-0.72,-1.25,0.82
218.3125,-5.6875,12.75,-0.83,-1.93,1.17
218.375,-5.3125,12.5625,-1.11,-2.13,1.26
218.375,-4.9375,12.4375,-1.61,-2.23,1.5
218.5,-4.5625,12.4375,-1.79,-2.4,1.45
218.6875,-4.1875,12.5625,-1.32,-2.15,0.63
219,-3.8125,12.875,-1.1,-1.67,0.14
219.3125,-3.4375,13.375,-1.19,0,-0.32
220.1875,-2.6875,14.8125,-1.46,0.91,-0.36
220.5625,-2.375,15.5,-1.45,1.61,-0.43
220.9375,-2.125,15.875,-1.48,2.03,-0.34
221.25,-1.9375,16,-0.62,1.58,-0.16
221.5625,-1.8125,15.875,-0.21,1.08,0.15
221.75,-1.625,15.625,0.17,-0.27,0.84
221.9375,-1.375,15.3125,-0.17,-1.42,0.87
222.3125,-0.5,14.9375,-0.78,-1.66,0.69
222.5,0,15.0625,-1.35,-1.78,0.26
222.875,0.625,15.375,-2.11,-1.35,0.08
223.25,1.0625,15.8125,-2.49,-0.46,-0.57
223.75,1.375,16.3125,-1.95,0.74,-0.42
224.25,1.5625,16.75,-0.43,1.23,0.12
224.8125,1.5625,17.125,0.35,1.18,0.33
225.75,1.5625,17.4375,0.71,1,0.63
226.125,1.6875,17.5,0.69,0.72,0.98
226.4375,1.9375,17.5625,0.2,-0.1,1.18
226.6875,2.25,17.6875,0,-0.48,0.92
226.9375,2.625,17.9375,-0.41,-0.66,0.73
227.25,3,18.4375,-0.75,-0.71,0.36
227.625,3.4375,19,-2.37,0.22,-0.75
228.0625,3.8125,19.6875,-2.57,0.54,-1.03
229,4.125,21,-2.6,0.83,-0.95
229.5625,4,21.4375,-1.45,0.49,-0.93
230.0625,3.875,21.8125,-0.9,0.3,-0.74
230.6875,3.6875,22.1875,-0.43,0.21,-0.59
231.3125,3.625,22.5625,0.36,0.25,-0.61
231.9375,3.5625,23.0625,0.62,0.33,-1.01
232.5,3.6875,23.625,-0.08,1.13,-1.83
233.6875,4.3125,24.875,-1.58,2.11,-2.55
234.1875,4.625,25.375,-2.24,2.48,-2.66
234.6875,4.75,25.6875,-2.51,2.51,-2.62
235.125,4.625,25.6875,-2.7,2.2,-2.15
235.5625,4.375,25.375,-1.04,-0.64,-0.21
235.9375,3.9375,24.875,-0.54,-1.62,0.24
236.375,3.5,24.4375,-0.29,-2.12,0.65
237.5625,3.125,24.25,-0.49,-2.18,0.65
238.25,3.125,24.6875,-0.96,-1.64,0.34
239.0625,3.25,25.375,-1.41,-0.77,-0.12
239.9375,3.375,26.25,-2.34,1.42,-0.83
240.9375,3.5,27.125,-2.55,2.55,-0.79
241.875,3.375,27.9375,-1.67,3.38,-0.56
242.75,3.125,28.375,-0.36,2.43,0.41
244.25,2.25,28.375,0.27,1.56,0.94
244.875,1.875,28.125,0.83,0.61,1.33
245.5,1.625,27.875,0.86,-0.15,1.82
246.0625,1.5,27.75,0.83,-1.1,1.76
246.6875,1.625,27.9375,0.38,-1,1.4
247.375,1.875,28.4375,-0.51,-0.37,1.29
248.0625,2.25,29.125,-1.2,0.38,0.95
248.75,2.5625,29.8125,-1.54,1.19,-0.86
250.25,2.875,30.9375,-1.67,1.22,-0.96
251,3,31.375,-1.63,1.21,-0.77
251.75,2.9375,31.8125,-1.63,1.26,-0.33
252.5625,2.8125,32.1875,-1.1,1.19,-0.15
253.4375,2.625,32.5,0,0.97,0.46
254.25,2.4375,32.8125,0.13,1,0.69
255.0625,2.3125,33.125,0.2,1.07,0.84
255.875,2.3125,33.4375,0.11,1.14,0.85
257.4375,2.625,33.9375,-0.29,0.77,0.36
258.125,2.9375,34.0625,-0.64,0.5,-0.04
258.8125,3.3125,34.25,-1.17,0.35,-0.29
259.5,3.625,34.5,-1.7,0.29,-0.52
260.25,3.9375,34.75,-2.16,0.29,-0.88
261.0625,4.125,35,-1.89,0.59,-0.7
262,4.25,35.25,-1.26,0.92,0.14
263.9375,4.375,35.6875,-0.72,0.86,0.53
264.9375,4.375,35.875,-0.19,0.66,0.81
265.9375,4.4375,35.9375,0.33,0.41,0.83
266.9375,4.5625,36.1875,0.47,0.24,0.51
267.8125,4.9375,36.5,0.1,0.52,0.18
268.75,5.375,36.9375,-0.5,0.95,-0.19
269.625,5.9375,37.5,-2.17,2.13,-0.99
271.4375,6.9375,38.25,-2.45,2.13,-0.93
272.3125,7.25,38.375,-2.45,1.95,-0.64
273.25,7.4375,38.3125,-2.25,1.56,-0.09
274.125,7.4375,38.125,-1.13,0.22,0.71
275.125,7.5,37.9375,-0.13,-0.73,1.18
276.0625,7.5625,37.8125,0.18,-0.77,0.73
277.0625,7.8125,37.875,-0.54,-0.13,0.68
279.1875,8.75,38.75,-0.77,0.51,0.08
280.3125,9.375,39.375,-1.18,1.31,-0.44
281.375,10,40.0625,-1.66,2.49,-1.35
282.5,10.5625,40.5625,-1.84,2.91,-1.47
283.5625,11,40.9375,-1.64,2.81,-1.82
284.5625,11.375,41,-1.24,1.57,-1.62
286.4375,11.9375,40.625,-1.12,0.97,-1.49
287.3125,12.1875,40.3125,-1.23,0.55,-1.19
288.25,12.4375,40.0625,-1.5,0.21,-0.94
289.25,12.6875,39.9375,-1.66,-0.05,-0.7
290.3125,12.9375,39.875,-1.64,0.32,-0.38
291.4375,13.1875,39.9375,-0.92,0.99,-0.42
292.6875,13.4375,40.0625,-0.64,1.42,-0.45
295.3125,13.875,40.375,-0.58,1.9,-0.45
296.625,14.1875,40.5,-0.47,2.31,-0.53
297.875,14.5625,40.625,-0.44,2.73,-0.83
299,14.875,40.625,-0.46,2.72,-1.12
300.0625,15.1875,40.5,-0.62,2.61,-1.37
301.0625,15.5625,40.25,-1.11,2.17,-1.43
302.0625,15.8125,40,-1.15,1.92,-1.37
302.9375,16,39.625,-1.18,1.78,-1.21
304.75,16.3125,38.75,-1.43,1.69,-0.74
305.625,16.375,38.25,-1.25,1.35,-0.24
306.5,16.375,37.6875,-1.06,1,-0.03
307.375,16.375,37.125,-0.8,0.65,0.06
308.25,16.4375,36.5625,-0.75,0.14,-0.07
309.125,16.5625,36.0625,-0.96,0.09,-0.23
310.875,17,35.3125,-1.15,0.09,-0.58
311.875,17.25,35.0625,-1.5,0.47,-1.22
312.875,17.5625,34.875,-1.61,0.74,-1.52
313.875,17.8125,34.6875,-1.8,1.03,-1.74
314.9375,18.0625,34.5625,-1.95,1.4,-1.87
316.0625,18.25,34.3125,-1.61,2.11,-1.18
317.125,18.25,34,-1.22,2.06,-0.78
319.25,18.0625,33.0625,-0.82,1.87,-0.38
320.1875,17.9375,32.4375,-0.22,1.51,0.47
321.1875,17.8125,31.75,-0.02,1.3,0.74
322.0625,17.75,31.125,0.04,1.1,0.97
322.9375,18,30.5625,-0.11,0.84,0.65
323.75,18.25,29.9375,-1.04,0.91,0.06
324.625,18.625,29.5,-1.57,1.01,-0.25
326.375,19.375,28.4375,-2.1,1.21,-0.64
327.3125,19.5625,27.75,-2.17,1.29,-0.56
328.25,19.625,27.0625,-2,1.32,-0.25
329.1875,19.5625,26.25,-1.44,1.13,-0.06
330.125,19.5,25.375,0,0.86,1.1
331.0625,19.5,24.5625,0.29,0.73,1.26
331.9375,19.5625,23.75,0.43,0.59,1.21
333.6875,20.1875,22.25,-0.06,0.53,0.64
334.5625,20.6875,21.5625,-0.71,0.56,0.16
335.5,21.25,20.875,-1.64,0.69,-0.14
336.4375,21.75,20.1875,-2.79,0.93,-1.06
337.375,22.125,19.4375,-3.27,1.13,-0.98
338.375,22.125,18.5,-3.03,1.38,0.78
339.375,21.875,17.4375,-0.61,0.49,3.08
341.3125,21,14.75,0.5,-0.04,4.32
342.3125,20.75,13.5,1.48,-0.52,5.26
343.3125,20.75,12.5,2.19,-1.02,5.83
344.375,21.125,11.8125,2.63,-1.04,5.86
345.5,21.875,11.5,1.55,0.08,4.32
346.6875,22.9375,11.375,-0.53,1.79,2.45
347.9375,24.25,11.375,-1.46,2.48,1.5
350.375,26.6875,11.1875,-2.08,2.9,0.78
351.5,27.625,10.8125,-2.23,3.19,0.32
352.5625,28.1875,10.25,-1.4,3.08,0.42
353.5,28.5,9.5625,-0.74,2.79,1.03
354.4375,28.5625,8.875,1.44,2.08,2.62
355.3125,28.5,8.3125,3.68,1.89,3.72
357.25,28.875,7.5625,3.96,2.23,4.09
358.3125,29.4375,7.5,4.61,2.47,3.64
359.3125,30.4375,7.625,3.92,3.4,3.69
0.1875,31.6875,7.8125,3.15,4.37,1.93
0.9375,33.125,7.9375,2.25,4.92,1.22
1.5,34.5625,7.9375,1.46,5.08,0.54
1.875,35.9375,7.875,-0.11,4.01,-0.61
2.25,38.0625,7.3125,-0.08,3.32,-0.39
2.375,38.75,7,0.33,2.64,-0.08
2.5,39.1875,6.75,1.63,1.84,1
2.6875,39.625,6.625,2.28,1.69,1.52
2.9375,40.0625,6.6875,2.96,1.7,1.8
3.3125,40.6875,6.9375,3.34,1.84,1.89
3.6875,41.5,7.3125,3.27,2.35,0.86
4.125,42.625,7.8125,1.31,3.61,-0.62
4.5,43.9375,8.5,-0.05,4.27,-1.3
5.125,46.25,9.5625,-1.32,4.87,-2.4
5.1875,46.9375,9.75,-1.23,4.75,-2.42
5.0625,47.25,9.6875,-0.5,4.32,-2.24
4.8125,47.375,9.5625,1.11,3.31,-1.22
4.5625,47.4375,9.4375,1.89,2.92,-0.78
4.25,47.5,9.4375,2.72,2.72,0.09
3.9375,47.625,9.6875,2.95,3.29,0.29
3.6875,47.9375,10.0625,2.62,3.6,0.34
3.3125,48.375,10.6875,2.15,4.01,0.24
2.25,49.5625,12.0625,1.68,4.25,0.19
1.4375,50.1875,12.9375,1.09,3.95,-0.24
0.5,50.875,13.75,0.79,3.79,-0.4
359.375,51.5625,14.625,0.43,3.37,-0.63
358.125,52.25,15.5625,0.13,2.85,-0.99
356.8125,53,16.5625,-1.44,1.54,-1.88
355.5,53.625,17.75,-1.84,1.33,-2.02
353.0625,54.4375,20.3125,-2.18,1.29,-2.16
351.9375,54.5625,21.5625,-2.15,1.39,-2.02
350.875,54.5625,22.75,-1.91,1.57,-1.74
349.875,54.4375,23.9375,-1.54,1.69,-1.48
348.75,54.25,25.0625,-0.65,1.63,-1.06
347.6875,54.0625,26.1875,-0.54,1.58,-0.87
345.3125,53.9375,28.5625,-0.74,1.44,-0.93
344,54,29.875,-1.36,1.07,-1.48
342.6875,54,31.25,-1.94,0.98,-1.57
341.375,54,32.625,-1.9,0.54,-2.24
340.0625,54,33.9375,-2.63,0.53,-2.33
338.8125,53.875,35.1875,-4.04,-0.09,-3.08
337.5625,53.75,36.25,-4.43,-0.27,-3.04
335.375,52.9375,37.6875,-4.21,-0.99,-2.81
334.4375,52.25,38,-3.81,-1.2,-2.33
333.625,51.3125,38.1875,-3.24,-1.43,-1.72
333,50.3125,38.25,-2.38,-1.5,-1.13
332.5625,49.25,38.375,-0.66,-1.25,-0.08
332.3125,48.3125,38.625,0.77,-0.06,-0.02
332.0625,46.875,39.875,0.89,0.96,0.11
331.875,46.375,40.75,0.93,2.53,-0.45
331.4375,46.0625,41.75,0.62,3.17,-0.91
330.75,45.875,42.625,-0.13,3.65,-1.12
329.75,45.6875,43.4375,-0.66,3.7,-1.66
328.4375,45.4375,44.0625,-2.8,2.15,-2.23
326.875,45.0625,44.4375,-3.21,1.24,-2.31
323.5,44.0625,44.625,-3.92,-0.4,-1.82
321.9375,43.375,44.4375,-3.73,-1.17,-1.64
320.625,42.625,44.1875,-3.56,-1.62,-1.23
319.5625,41.875,43.9375,-2.88,-1.89,-1.12
318.75,41.125,43.9375,-2.25,-1.43,-0.62
318.125,40.4375,44.0625,-1.39,-0.29,-0.97
317.5625,39.75,44.3125,-1.24,0.35,-1.16
316.625,38.6875,45.1875,-1.38,1.5,-2.05
316,38.1875,45.75,-1.75,2.02,-2.39
315.3125,37.6875,46.1875,-2.27,2.63,-2.48
314.5,37.1875,46.5,-2.79,3.08,-2.45
313.5,36.5625,46.5,-3.3,2.43,-1.67
312.4375,35.875,46.1875,-3.1,1.73,-1.16
311.1875,35,45.625,-2.05,-0.12,-0.4
308.625,33,44.1875,-1.39,-0.96,-0.48
307.375,32.0625,43.6875,-1.19,-1.44,-0.41
306.3125,31.25,43.5625,-1.31,-1.5,-0.55
305.3125,30.625,43.6875,-2.61,-0.62,-1.69
304.375,30.1875,44.125,-3.66,0.25,-2.22
303.5,29.875,44.5,-5.44,1.68,-3.07
301.875,28.6875,44.5625,-5.43,2.06,-2.76
301.0625,27.75,44,-4.58,1.66,-2.26
300.25,26.625,43.125,-3.61,1.07,-1.49
299.4375,25.375,42.0625,-2.56,0.46,-0.69
298.5625,24.1875,41.0625,-0.43,-1.1,0.87
297.75,23.1875,40.1875,-0.26,-1.14,0.89
297,22.375,39.5,-1.11,-0.43,0.52
295.5625,21.5,38.8125,-1.97,0.12,0.17
294.8125,21.3125,38.625,-2.65,0.46,-0.51
294.125,21.1875,38.375,-3.28,0.7,-1.1
293.4375,21,38,-4,1.02,-1.52
292.75,20.625,37.5625,-3.85,0.97,-1.44
292.125,20.0625,36.9375,-3.07,0.55,-0.58
291.5,19.375,36.1875,-1.96,-0.08,0.17
290.4375,17.9375,34.5,-1.47,-0.36,0.31
290,17.375,33.8125,-1.13,-0.41,0.33
289.5625,16.875,33.25,-1,-0.22,0.29
289.125,16.375,32.9375,-1.51,0.6,0.16
288.6875,15.9375,32.75,-1.75,0.98,-0.02
288.1875,15.4375,32.5,-1.91,1.06,-0.31
287.5625,14.875,32.3125,-2.49,0.9,-1.29
286.375,13.8125,31.6875,-3.12,0.83,-1.24
285.75,13.3125,31.25,-3.73,0.66,-1.13
285.1875,12.8125,30.5,-4.2,0.09,-0.66
284.75,12.1875,29.625,-4.01,-0.35,-0.01
284.375,11.375,28.6875,-3.1,-0.91,0.37
284.0625,10.4375,27.6875,-0.84,-1.99,1.84
283.8125,9.4375,26.875,-0.44,-1.87,2.15
283.5625,7.8125,25.875,-0.16,-1.57,2.1
283.5625,7.3125,25.75,-0.13,-1.01,1.82
283.5,7,25.75,-0.77,0.48,0.78
283.5,6.8125,25.875,-1.02,1.23,0.07
283.5,6.6875,26,-1.6,1.99,-0.36
283.4375,6.5625,26,-2.28,2.84,-1.32
283.3125,6.25,25.875,-2.17,2.56,-1.24
282.8125,5.25,25,-2.01,2.17,-0.9
282.5625,4.6875,24.25,-1.52,0.93,-0.23
282.25,4,23.4375,-1.5,0.49,0.21
282.0625,3.375,22.6875,-1.15,0.07,0.31
281.875,2.8125,22,-1.45,0.34,1.16
281.6875,2.25,21.5625,-1.64,0.46,1.2
281.5625,1.8125,21.125,-1.63,0.36,0.88
281.3125,1.125,20.1875,-1.85,0.3,0.8
281.25,0.8125,19.6875,-2.04,0.01,0.48
281.125,0.5,19.125,-1.98,-0.39,0.09
281.0625,0.25,18.5625,-2.19,-0.56,-0.04
281.0625,0.0625,18,-3.02,-0.49,-0.06
281.125,-0.125,17.5,-3.08,-0.53,-0.21
281.25,-0.4375,17.0625,-3.07,-0.19,0.42
281.4375,-0.875,16.6875,-2.1,-0.16,0.85
281.875,-2.125,16,-1.51,-0.12,1.1
282.125,-2.8125,15.625,-0.94,-0.2,1.26
282.4375,-3.4375,15.25,-0.57,-0.16,1.44
282.75,-3.875,14.9375,-0.2,0.07,1.47
283,-4.25,14.6875,-0.07,0.23,1.32
283.3125,-4.5,14.5,-0.13,0.78,0.85
283.625,-4.625,14.3125,-0.31,1.34,0.12
284.1875,-4.75,14.0625,-0.25,1.67,-0.25
284.4375,-4.875,14,-0.37,2.02,-0.54
284.5625,-5,13.9375,-1,2.67,-0.69
284.75,-5.0625,13.8125,-1.15,2.7,-0.8
284.875,-5.25,13.5,-1.22,2.47,-0.07
285,-5.5625,13.0625,-0.25,1.61,0.73
285.0625,-6.0625,12.5,0.47,1.25,1.16
285.1875,-7.3125,11.3125,1.09,1.09,1.67
285.25,-7.9375,10.8125,1.53,0.97,2.01
285.25,-8.4375,10.5625,1.85,1.52,2.12
285.1875,-8.75,10.375,1.82,1.82,1.92
285.125,-8.9375,10.3125,1.53,2.15,1.49
284.9375,-8.875,10.1875,-0.87,2.13,0.52
284.5625,-8.3125,9.25,-1.47,1.46,0.12
284.3125,-8,8.4375,-1.89,0.72,-0.2
284.0625,-7.8125,7.625,-2,-0.1,-0.3
283.8125,-7.8125,6.9375,-1.89,-0.17,-0.01
283.5625,-7.9375,6.4375,-1.58,0.11,0.46
283.375,-8.25,6.125,-1.14,0.33,0.86
283.25,-8.4375,5.75,-0.12,0.42,0.98
283.1875,-8.625,5.375,-0.2,0.28,0.73
283,-8.5625,4.6875,-0.58,0.43,0.54
282.875,-8.375,4.4375,-1.46,0.82,-0.09
282.8125,-8.3125,4.375,-1.7,1.29,-0.2
282.6875,-8.375,4.4375,-1.5,1.77,-0.47
282.6875,-8.6875,4.5,-1.68,2.67,0.05
282.5625,-9.25,4.5625,0.97,4.76,1.84
282.25,-9.9375,4.5,2.52,4.95,2.34
281.8125,-10.625,4.25,4.62,4.64,3.06
280.5625,-10.5,2.625,3.79,4,3.66
279.875,-9.3125,1,2.84,2.6,3.13
279.125,-7.5,-0.8125,0.68,0.99,2.68
278.5625,-5.5,-2.875,-3.57,-2.66,0.58
278.1875,-3.625,-4.6875,-5.69,-4.24,-0.56
277.875,-2.1875,-5.9375,-6.51,-5.45,-2.03
277.8125,-1.5,-6.625,-7,-4.3,-1.83
278,-1.625,-6.75,-5.23,-2.98,-1.13
278.625,-3.6875,-5.6875,-3.39,-1.28,0.09
279.0625,-5.0625,-5.0625,0.84,1.18,1.88
279.5,-6.125,-4.6875,2.44,1.87,2.57
279.9375,-6.75,-4.625,3.47,2.07,2.85
280.375,-6.6875,-4.875,3.56,1.91,2.95
280.75,-6.0625,-5.375,1.91,1.07,2.42
281.0625,-5.125,-5.875,-1.05,-0.04,1.05
281.75,-2.9375,-6.9375,-2.38,-0.55,0.41
282.1875,-2.1875,-7.4375,-4.03,-1.22,-0.4
282.5625,-1.6875,-7.875,-4.39,-1.55,-0.34
283.0625,-1.5,-8.3125,-4.24,-1.81,0.02
283.625,-1.625,-8.75,-1.9,-2.65,1.63
284.25,-1.9375,-9.125,-1.06,-2.59,2.18
285,-2.1875,-9.3125,-0.18,-2.46,2.36
286.75,-2.5,-9.0625,0.42,-1.34,2.43
287.8125,-2.375,-8.625,0.28,-0.46,2.29
288.8125,-2.0625,-8.1875,0.09,0.31,1.8
289.875,-1.5625,-7.8125,-0.27,1.02,1.24
290.875,-1,-7.625,-0.88,1.82,0.06
291.75,-0.375,-7.625,-1.48,1.9,-0.06
292.625,0.125,-8,-1.64,0.71,-0.5
293.4375,0.625,-8.5625,-1.56,-0.84,-0.4
295,1.5,-9.8125,-1.72,-1.52,-0.1
295.875,1.75,-10.3125,-1.55,-2.04,-0.08
296.8125,1.9375,-10.5,-1.43,-2.27,0
297.8125,2,-10.4375,-0.84,-1.72,-0.07
298.9375,2,-10.0625,-0.66,-0.88,-0.12
300.125,1.9375,-9.5,-0.58,-0.04,-0.22
301.375,1.9375,-9,-0.46,1.96,-0.57
303.5625,1.875,-8.1875,-0.31,2.29,-0.55
304.5625,1.8125,-8.0625,-0.09,2.38,-0.44
305.5,1.8125,-8.125,0.27,1.85,-0.12
306.4375,1.875,-8.4375,0.45,1.3,-0.11
307.3125,2,-8.8125,0.04,0.84,0.41
308.1875,2.1875,-9.25,0.21,0.08,0.38
309.0625,2.5,-9.625,-0.55,-1.43,0.17
310,2.8125,-9.9375,-1.33,-1.45,0.29
312.0625,3.5,-10.125,-1.64,-1.52,0.08
313.1875,3.625,-9.875,-1.75,-0.92,-0.13
314.375,3.625,-9.5,-1.41,-0.28,-0.3
315.625,3.5,-8.875,-0.89,0.48,-0.46
316.8125,3.375,-8.25,0.02,2.26,-0.78
318,3.3125,-7.625,0.23,3.49,-1
319.125,3.375,-7.1875,0.04,3.65,-0.98
320.125,3.5625,-7.0625,-0.2,2.59,-0.91
321.8125,4.1875,-7.875,-0.21,1.67,-0.76
322.5,4.5,-8.5,-0.32,0.63,-0.51
323.25,4.875,-9.1875,-0.26,-0.37,-0.38
324.0625,5.25,-9.75,-0.43,-1.51,-0.12
324.9375,5.625,-10.125,-0.66,-1.71,-0.12
325.875,6,-10.25,-0.88,-1.61,-0.19
326.9375,6.375,-10.1875,-1.43,-0.44,-0.65
328.0625,6.75,-10.0625,-1.61,0.01,-0.74
330.4375,7.25,-9.75,-1.67,0.36,-0.89
331.6875,7.4375,-9.6875,-1.34,0.99,-0.87
332.875,7.4375,-9.5625,-0.84,1.31,-0.78
334.0625,7.3125,-9.375,-0.16,1.72,-0.65
335.25,7.1875,-9.1875,0.45,2.13,-0.53
336.3125,7.0625,-9,1.35,2.85,-0.51
337.3125,7,-8.875,1.36,3.27,-0.32
339,7.3125,-9,0.97,3.18,-0.07
339.625,7.625,-9.5,0.48,1.89,0.32
340.125,7.9375,-10.1875,0.23,0.76,0.62
340.625,8.25,-11.0625,0.13,-0.34,0.94
341.0625,8.5625,-11.875,-0.1,-1.39,1.5
341.5625,8.75,-12.5625,0.2,-3.35,2.45
342.1875,8.875,-13,0.26,-3.17,2.76
343,8.9375,-13.125,0.62,-2.02,3.13
344.875,8.875,-12.4375,1.04,-1.29,3.17
346,8.8125,-11.9375,1.69,-0.72,3.09
347.125,8.8125,-11.4375,2.24,-0.17,2.92
348.25,8.875,-11,3.19,0.62,2.39
349.4375,9.1875,-10.5625,3.36,1,2.02
350.5625,9.625,-10.1875,2.87,1.65,1.6
351.625,10.3125,-9.9375,2.42,1.53,1
353.625,11.75,-9.75,2.21,1.36,0.75
354.5625,12.5,-9.75,2.23,1.12,0.42
355.375,13.1875,-9.6875,2.18,1,0.29
356.25,13.9375,-9.625,2.42,0.84,-0.27
357.125,14.6875,-9.5625,2.38,0.83,-0.66
358.0625,15.4375,-9.4375,2.04,1,-0.93
358.9375,16.25,-9.3125,1.34,1.84,-2.15
0.6875,17.6875,-8.8125,1.48,2.28,-2.57
1.5,18.25,-8.4375,1.35,2.92,-2.58
2.25,18.625,-8.0625,1.91,3.76,-3.04
2.875,18.9375,-7.75,2.46,4.18,-3.29
3.3125,19.25,-7.5,2.31,4.55,-3.14
3.625,19.6875,-7.4375,2.3,4.52,-3.14
3.6875,20.1875,-7.625,1.18,2.82,-2.47
3.625,20.6875,-8,0.79,1.91,-2.11
3,21.75,-9.0625,0.62,0.78,-1.9
2.6875,22.1875,-9.625,0.46,-0.88,-1.58
2.4375,22.5625,-9.9375,0.28,-1.33,-1.44
2.25,22.9375,-10,0.23,-1.48,-1.55
2.25,23.1875,-9.75,0.15,-0.47,-2.11
2.3125,23.375,-9.1875,-0.18,1.35,-2.57
2.5,23.5625,-8.5625,-0.37,2.23,-2.62
2.625,23.6875,-7.9375,-0.11,2.89,-2.99
2.6875,23.75,-7.375,0.01,3.02,-2.94
2.5,23.6875,-6.75,0.11,2.87,-2.78
2.1875,23.625,-6.6875,0.33,2.6,-2.57
1.8125,23.5625,-6.6875,0.35,1.89,-1.88
1.4375,23.4375,-6.6875,0.55,1.52,-1.74
1,23.375,-6.6875,0.83,1.24,-1.72
0.5,23.25,-6.5,1.48,1.55,-1.67
0.0625,23.125,-6.1875,1.22,1.98,-1.53
359.625,23.0625,-5.6875,0.95,2.33,-1.64
358.5625,23.3125,-4.8125,-0.4,2.6,-1.69
357.9375,23.5625,-4.5625,-0.94,2.33,-1.75
357.25,23.8125,-4.5,-1.31,1.93,-1.74
356.4375,23.9375,-4.5625,-1.56,1.38,-1.57
355.625,23.9375,-4.75,-1.16,-0.14,-1.44
354.8125,23.8125,-4.9375,-0.55,-1.09,-1.27
353.4375,23.5,-4.875,-0.42,-1.11,-1.19
352.9375,23.3125,-4.625,-0.57,-0.41,-1.25
352.5,23.125,-4.0625,-0.92,0.3,-1.12
352.125,22.9375,-3.4375,-1.19,1,-1.09
351.6875,22.6875,-2.875,-1.13,1.41,-1.25
351.25,22.375,-2.5,-0.35,1.3,-1.09
350.75,22.0625,-2.25,-0.21,1.07,-0.94
350.125,21.8125,-2.125,-0.34,0.65,-0.97
348.9375,21.5,-1.9375,-0.73,0.56,-0.96
348.3125,21.4375,-1.75,-1.04,0.51,-1.03
347.75,21.4375,-1.5625,-1.59,0.68,-0.86
347.125,21.4375,-1.4375,-1.53,0.42,-0.9
346.5,21.25,-1.4375,-0.98,0.06,-0.69
345.9375,21.125,-1.4375,-0.73,-0.15,-0.67
344.75,20.875,-1.375,-0.88,0,-0.56
344.25,20.8125,-1.25,-1.18,0.19,-0.53
343.75,20.75,-1.0625,-1.26,0.42,-0.59
343.3125,20.6875,-0.875,-1.36,0.75,-0.66
342.8125,20.625,-0.625,-1.39,0.97,-0.71
342.3125,20.5,-0.5,-1.42,1.1,-0.56
341.8125,20.375,-0.375,-1.09,0.71,-0.16
341.1875,20.25,-0.375,-0.86,0.52,-0.05
340.0625,20,-0.4375,-0.78,0.37,0.1
339.5,19.875,-0.5,-0.67,0.3,0.04
338.9375,19.875,-0.4375,-0.84,0.35,0.05
338.4375,19.875,-0.375,-1.03,0.36,-0.08
337.9375,20,-0.375,-1.54,0.35,-0.14
337.375,20.0625,-0.3125,-1.84,0.16,-0.24
336.875,20.125,-0.3125,-1.9,0.1,-0.22
335.875,20.25,-0.3125,-1.67,-0.01,-0.42
335.4375,20.1875,-0.1875,-1.59,0.15,-0.34
335,20.0625,-0.125,-1.29,0.62,-0.14
334.625,19.9375,0,-1.05,0.88,-0.07
334.25,19.75,0.1875,-0.77,1.14,-0.09
333.8125,19.625,0.375,-0.29,1.45,0.19
333.3125,19.5,0.5,-0.36,1.33,0.26
332.8125,19.4375,0.5,-0.47,1.05,0.07
331.6875,19.625,0.5,-1.18,0.73,-0.3
331.0625,19.875,0.5,-1.58,0.71,-0.45
330.5,20.0625,0.5625,-1.99,0.72,-0.48
329.9375,20.125,0.625,-2.09,0.66,-0.69
329.3125,20.125,0.6875,-2.06,0.64,-0.55
328.75,20,0.75,-1.56,0.57,-0.21
328.1875,19.75,0.8125,-1.04,0.59,0.43
327.0625,19.125,1,-0.78,0.56,0.66
326.4375,18.8125,1.125,-0.58,0.51,0.89
325.875,18.5625,1.1875,-0.32,0.3,0.79
325.3125,18.4375,1.25,-0.36,0.13,0.35
324.75,18.4375,1.4375,-1.15,0.52,-0.08
324.25,18.5625,1.6875,-1.44,0.8,-0.51
323.75,18.6875,1.9375,-2.13,1.28,-1.3
322.8125,19,2.6875,-2.29,1.59,-1.76
322.3125,19,3.0625,-2.35,1.83,-2.01
321.8125,18.875,3.375,-2.39,2.14,-1.88
321.25,18.625,3.5625,-1.96,2.08,-1.02
320.625,18.25,3.625,-1.61,1.72,-0.41
319.875,17.8125,3.4375,-0.74,0.47,0.61
318.3125,17.0625,2.8125,-0.41,-0.44,1.33
317.6875,16.9375,2.6875,-0.16,-0.92,1.07
317,16.875,2.5625,-0.62,-0.91,1.05
316.4375,16.9375,2.6875,-1.56,-0.34,0.38
316,16.9375,3.125,-1.86,0.3,0.1
315.625,16.8125,3.6875,-1.61,1.59,-0.63
315.25,16.5625,4.3125,-0.86,2.66,-0.86
314.8125,16.25,4.875,-0.7,3.1,-0.52
313.625,15.5,5.4375,-0.17,3.09,-0.43
312.875,15.25,5.375,0.01,2.78,-0.18
312,15.125,5.1875,-0.22,1.55,0.09
311.0625,15.1875,4.875,-0.43,0.72,-0.04
310.125,15.3125,4.625,-1.05,0.1,-0.04
309.3125,15.4375,4.5,-2.35,-0.68,-0.32
308.5625,15.5,4.5,-2.28,-0.68,-0.54
307.3125,15.125,4.875,-2.14,-0.43,-0.65
306.8125,14.8125,5.25,-1.56,0.5,-0.77
306.375,14.375,5.75,-1.15,1.15,-0.7
305.9375,13.875,6.25,-0.91,1.87,-0.48
305.4375,13.4375,6.6875,-0.32,2.34,-0.57
304.8125,13,7.125,-0.01,3.22,-0.45
304.0625,12.625,7.4375,-0.48,3.46,-0.1
302.1875,12.1875,7.375,-0.89,3.12,0.12
301.125,12.0625,6.9375,-1.29,1.56,0.43
300,11.875,6.5,-1.28,0.59,0.45
298.9375,11.75,6.0625,-1.16,-0.32,0.31
298,11.75,5.75,-1.84,-1.26,0.11
297.125,11.6875,5.6875,-2.26,-0.91,0.05
296.3125,11.625,5.8125,-2.34,-0.38,-0.08
295.0625,11.125,6.5625,-2.02,0.87,-0.12
294.5,10.6875,6.9375,-1.49,1.4,-0.07
293.875,10.1875,7.25,-0.88,1.79,0.04
293.25,9.75,7.4375,-0.28,2.02,0.17
292.5,9.375,7.4375,0.4,1.83,0.29
291.6875,9.1875,7.4375,-0.01,1.1,-0.1
290.8125,9.1875,7.3125,-0.78,0.92,-0.25
289.9375,9.3125,7.25,-2.36,0.62,-0.55
288.1875,9.3125,7.3125,-2.69,0.51,-0.74
287.375,9.0625,7.3125,-2.76,0.41,-0.76
286.625,8.625,7.3125,-1.9,0.19,-0.39
285.875,8.0625,7.375,-1.33,0.18,-0.01
285.1875,7.5,7.4375,-0.54,0.11,0.18
284.5,7,7.5,-0.05,0.2,0.5
283.875,6.625,7.6875,0.32,0.75,0.29
282.625,6.25,8.3125,0.14,1.18,-0.08
281.9375,6.1875,8.8125,-0.24,1.76,-0.51
281.25,6.0625,9.3125,-0.81,2.8,-1.46
280.5,5.9375,9.75,-1.16,3.36,-1.62
279.6875,5.6875,10,-1.19,3.69,-1.74
278.75,5.3125,10.0625,-1.28,3.84,-1.54
277.75,4.875,9.875,-1,2.43,-0.23
276.625,4.375,9.375,-0.65,1.51,0.11
274.375,3.5,8.1875,-0.19,-0.03,0.67
273.25,3.125,7.75,-0.16,-0.47,0.79
272.1875,2.9375,7.5,-0.36,-0.6,0.79
271.1875,2.875,7.5,-0.62,-0.55,0.55
270.25,2.8125,7.5625,-1.4,0.15,-0.09
269.375,2.8125,7.8125,-1.81,0.99,-0.88
268.5,2.6875,8,-1.9,1.27,-1.17
267.625,2.5625,8.1875,-1.98,1.81,-1.31
266.8125,2.375,8.3125,-1.86,1.93,-1.19
264.9375,1.625,8.3125,-1.64,1.94,-0.91
264,1.1875,8.125,-1.17,1.78,-0.75
263,0.6875,7.8125,-0.59,1.38,-0.01
261.9375,0.3125,7.5,-0.37,0.99,0.22
260.875,0,7.0625,-0.3,0.53,0.31
259.875,0,6.6875,-1.42,-0.35,0.19
258.8125,-0.0625,6.375,-1.9,-0.46,0
257.8125,0,6.125,-2.24,-0.5,-0.23
255.9375,0,5.8125,-2.73,-0.42,-0.56
255.125,-0.125,5.6875,-2.57,-0.28,-0.59
254.3125,-0.375,5.625,-2.3,-0.13,-0.48
253.5625,-0.75,5.5625,-1.92,0,-0.33
252.8125,-1.125,5.5,-1,0.18,-0.12
252.125,-1.5,5.5,-0.66,0.25,-0.08
251.375,-1.8125,5.4375,-0.47,0.6,-0.05
250.6875,-2,5.4375,-0.99,0.9,-0.08
249.9375,-2.125,5.375,-1.13,0.87,-0.22
248.4375,-2.125,5.0625,-1.33,0.71,-0.33
247.6875,-2.1875,4.75,-1.49,0.27,-0.47
246.9375,-2.1875,4.4375,-1.56,-0.07,-0.53
246.25,-2.25,4.125,-1.54,-0.27,-0.57
245.5625,-2.3125,3.875,-1.62,-0.3,-0.51
244.875,-2.4375,3.75,-1.49,0.06,-0.37
244.25,-2.625,3.625,-1.29,0.25,-0.35
242.9375,-3,3.4375,-1.04,0.35,-0.28
242.375,-3.1875,3.25,-0.85,0.36,-0.34
241.75,-3.25,3.0625,-0.87,0.31,-0.4
241.1875,-3.3125,2.8125,-1.1,0.3,-0.3
240.5625,-3.375,2.5625,-1.2,0.27,-0.26
240,-3.4375,2.3125,-1.33,0.11,-0.13
239.375,-3.5625,2,-1.23,-0.03,-0.13
238.8125,-3.625,1.75,-1.38,-0.42,-0.12
237.75,-3.75,1.25,-1.42,-0.39,-0.14
237.1875,-3.875,1.0625,-1.55,-0.25,-0.06
236.75,-3.9375,0.9375,-1.39,-0.17,-0.18
236.3125,-4.125,0.75,-1.34,-0.02,0.05
235.875,-4.25,0.5625,-0.91,-0.14,0.35
235.4375,-4.4375,0.375,-0.57,-0.25,0.48
235,-4.625,0.125,-0.23,-0.22,0.66
234.5625,-4.8125,0,-0.05,-0.22,0.46
233.8125,-4.875,-0.1875,-0.29,-0.06,0.42
233.4375,-4.6875,-0.25,-0.55,0.06,0.12
233.0625,-4.4375,-0.3125,-1.49,0.28,-0.26
232.75,-4.1875,-0.4375,-1.89,0.16,-0.51
232.375,-4,-0.6875,-1.91,-0.11,-1.01
232.125,-3.875,-0.9375,-2.6,-0.33,-1
231.8125,-3.8125,-1.125,-2.59,-0.37,-0.8
231.625,-3.9375,-1.375,-2.3,-0.45,-0.66
231.1875,-4.4375,-1.6875,-1.59,-0.43,-0.04
231,-4.875,-1.8125,-1.04,-0.39,0.21
230.875,-5.3125,-1.9375,-0.4,-0.41,0.4
230.75,-5.6875,-2,0,-0.34,0.55
230.6875,-6,-2.0625,0.26,-0.1,0.63
230.625,-6.0625,-2.0625,-0.2,-0.03,0.32
230.5625,-5.875,-2.1875,-0.43,0,-0.01
230.5625,-5.75,-2.1875,-1.09,0.15,-0.36
230.5625,-5.625,-2.25,-1.18,0.18,-0.56
230.5625,-5.5625,-2.3125,-1.26,0.13,-0.58
230.625,-5.5625,-2.5,-0.86,-0.18,-0.57
230.625,-5.625,-2.6875,-0.64,-0.29,-0.43
230.6875,-5.6875,-2.8125,-0.48,-0.36,-0.25
230.8125,-5.75,-2.9375,-0.26,-0.7,-0.08
230.9375,-5.75,-3.125,-0.33,-0.8,-0.11
231.3125,-5.625,-3.4375,-0.47,-0.82,-0.16
231.5625,-5.5,-3.4375,-0.51,-0.81,-0.37
231.8125,-5.4375,-3.375,-0.84,-0.4,-0.45
232.0625,-5.4375,-3.25,-0.77,-0.18,-0.48
232.375,-5.4375,-3.1875,-0.45,-0.08,-0.37
232.625,-5.5625,-3.125,-0.01,-0.11,-0.41
233,-5.625,-3.125,0.07,-0.02,-0.36
233.3125,-5.625,-3.125,0.16,0.09,-0.38
234.0625,-5.6875,-3.0625,0.13,0.31,-0.39
234.375,-5.625,-3.0625,0.13,0.29,-0.48
234.75,-5.5625,-3.125,0,0.17,-0.54
235.0625,-5.4375,-3.25,-0.18,-0.03,-0.58
235.4375,-5.3125,-3.4375,-0.55,-0.4,-0.64
235.75,-5.25,-3.5625,-0.74,-0.59,-0.6
236.125,-5.1875,-3.6875,-0.76,-0.5,-0.36
236.5,-5.1875,-3.8125,-0.34,-0.62,0.05
237.3125,-5.4375,-3.9375,-0.03,-0.65,0.36
237.75,-5.5625,-4.0625,0.45,-0.84,0.42
238.25,-5.6875,-4.125,0.67,-0.87,0.5
238.75,-5.6875,-4.125,0.65,-0.78,0.34
239.25,-5.5625,-4.0625,0.47,-0.62,0.02
239.75,-5.3125,-3.875,-0.65,0.05,-0.92
240.3125,-5.0625,-3.75,-1.05,0.19,-1.09
241.375,-4.5625,-3.5,-1.17,0.18,-1.3
241.875,-4.5,-3.5,-1.17,0.14,-1.36
242.375,-4.5625,-3.5,-0.96,0.08,-0.95
242.875,-4.6875,-3.625,-0.66,-0.05,-0.67
243.375,-4.9375,-3.75,-0.32,-0.18,-0.33
243.875,-5.1875,-3.875,0.08,-0.32,0.01
244.375,-5.4375,-4.0625,0.76,-0.79,0.68
244.875,-5.5625,-4.1875,0.78,-0.94,0.71
246,-5.625,-4.375,0.44,-0.94,0.7
246.5625,-5.4375,-4.3125,-0.2,-0.92,0.26
247.125,-5.25,-4.25,-0.61,-0.89,-0.06
247.6875,-5,-4.125,-0.94,-0.8,-0.44
248.3125,-4.75,-3.9375,-1.34,-0.39,-0.94
248.9375,-4.625,-3.75,-1.42,-0.14,-0.98
249.625,-4.625,-3.5,-1.03,0.13,-0.93
250.3125,-4.6875,-3.375,-0.27,0.29,-0.52
251.625,-5,-3.1875,0.04,0.29,-0.23
252.3125,-5.1875,-3.125,0.35,0.25,0
253,-5.3125,-3.125,0.68,0.16,0.11
253.625,-5.375,-3.125,0.89,-0.11,0.16
254.25,-5.3125,-3.125,0.75,-0.21,0.03
254.875,-5.125,-3.0625,0.12,-0.26,-0.65
255.5,-4.875,-2.9375,-0.92,0.03,-1.31
256.125,-4.5625,-2.8125,-1.36,0.28,-1.55
257.375,-4,-2.5,-1.71,0.4,-1.6
258,-3.875,-2.5,-1.78,0.24,-1.29
258.625,-3.875,-2.625,-1.53,-0.04,-0.78
259.25,-4.125,-2.9375,-0.99,-0.54,-0.28
259.875,-4.4375,-3.25,-0.19,-0.94,0.29
260.5625,-4.875,-3.5625,1.52,-1.39,1.31
261.25,-5.25,-3.6875,1.72,-0.98,1.41
262.625,-5.5625,-3.3125,1.77,-0.48,1.27
263.375,-5.5,-2.875,1.49,0.51,0.34
264.0625,-5.3125,-2.5,1.1,0.96,-0.24
264.75,-4.875,-2.125,0.47,1.31,-0.7
265.375,-4.4375,-1.9375,-0.08,1.38,-1.21
265.875,-4,-2.1875,-1.19,0.8,-1.47
266.375,-3.5625,-2.5,-1.49,0.09,-1.52
266.875,-3.25,-3,-1.5,-2.22,-0.4
267.8125,-3.1875,-4.1875,-1.23,-2.82,0
268.4375,-3.3125,-4.4375,-0.74,-3.16,0.31
269.125,-3.5,-4.4375,-0.31,-3.15,0.6
269.875,-3.625,-4.125,0.18,-2.28,0.75
270.75,-3.625,-3.75,0.26,-1.62,0.65
271.6875,-3.4375,-3.3125,0.21,-1.03,0.3
272.625,-3.125,-2.9375,-0.79,-0.04,-1.58
273.625,-2.6875,-2.625,-1.31,0.18,-2.26
275.4375,-2,-2.125,-1.86,0.43,-2.65
276.3125,-2,-1.9375,-2.29,1.05,-2.48
277.125,-2.375,-1.8125,-1.72,1.28,-2.06
277.875,-3,-1.75,-1.02,1.4,-1.25
278.625,-3.75,-1.875,0.24,1.32,-0.47
279.3125,-4.5,-2.125,2.85,0.18,2.25
279.9375,-5,-2.4375,3.36,-0.48,2.82
280.5,-5.25,-2.875,3.32,-1.23,3.12
281.625,-4.5625,-3.625,2.26,-2.41,2.51
282.3125,-3.75,-3.625,1.26,-2.61,1.65
282.9375,-2.8125,-3.3125,0.36,-2.43,0.53
283.6875,-1.875,-2.75,-1.44,-1.71,-0.02
284.5,-1.1875,-2,-2.78,-0.15,-1.82
285.25,-0.75,-1.375,-2.76,1.27,-2.3
286.75,-0.9375,-0.625,-2.13,1.6,-1.84
287.375,-1.3125,-0.625,0.02,1.31,-0.32
288,-1.6875,-0.9375,1.28,0.66,0.58
288.625,-1.9375,-1.375,2.35,-0.2,1.26
289.1875,-1.8125,-1.75,3.16,-1.53,1.87
289.8125,-1.3125,-2,2.86,-1.98,1.61
290.4375,-0.4375,-2,0.7,-1.77,0.58
291.125,0.5625,-1.75,-1.78,-0.92,-0.92
292.625,2.75,-1.125,-2.6,-0.59,-1.81
293.4375,3.6875,-0.9375,-3.48,-0.36,-2.16
294.25,4.3125,-1,-3.81,-0.43,-2.44
295.125,4.625,-1.25,-3.21,-1.2,-2.23
296,4.6875,-1.5625,-2.5,-1.72,-1.75
297,4.5625,-1.875,0.23,-2.41,-0.11
298.0625,4.3125,-2.0625,1.2,-2.18,-0.1
300.5625,3.9375,-1.4375,1.46,-1.27,0.03
301.9375,3.9375,-0.625,1.84,-0.07,-0.27
303.25,4,0.3125,1.46,2.73,-0.66
304.5625,4.125,1.25,1.34,3.99,-1.02
305.6875,4.25,2,1.2,4.84,-1.27
306.625,4.4375,2.25,1.14,5.24,-1.32
307.3125,4.625,2,1.52,3,-0.64
308.3125,5.125,0.4375,1.63,1.65,-0.42
308.625,5.5,-0.4375,1.34,0.36,-0.14
309.0625,6,-1.25,0.65,-1.1,-0.01
309.4375,6.5,-1.6875,-0.01,-1.35,0.15
309.9375,6.9375,-1.9375,-0.41,-1.4,0.07
310.4375,7.3125,-2,-0.81,-1.04,0.01
311,7.5625,-2,-0.65,-0.97,-0.08
311.625,7.8125,-2.0625,-0.54,-1.03,-0.23
312.9375,8.25,-2.0625,-0.47,-0.66,-0.52
313.75,8.5,-1.9375,-0.66,-0.29,-0.63
314.5625,8.6875,-1.6875,-0.68,0.19,-0.79
315.375,8.75,-1.3125,-0.71,0.88,-0.84
316.1875,8.6875,-1,-0.06,2.04,-0.68
316.875,8.5,-0.6875,1.14,2.52,0.01
317.5625,8.25,-0.625,1.77,2.42,0.43
318.125,8.0625,-0.625,2.81,1.65,0.99
319.0625,8.1875,-1.125,2.98,1.33,1.12
319.5,8.5625,-1.3125,2.8,1.03,1.16
319.875,9.125,-1.375,2.11,1.19,0.54
320.1875,9.8125,-1.25,1.65,1.36,0.02
320.5,10.5,-1,0.88,1.7,-0.27
320.75,11.25,-0.875,0.29,1.88,-0.67
320.875,11.9375,-0.8125,-0.42,1.1,-1.44
321,12.5,-0.9375,-0.64,0.69,-1.2
321.0625,13.375,-1.375,-0.35,0.09,-1.26
321.1875,13.625,-1.5,0.01,-0.31,-0.73
321.3125,13.8125,-1.5625,0.44,-0.33,-0.7
321.5,14.0625,-1.4375,0.59,-0.11,-0.49
321.6875,14.25,-1.25,0.77,0.19,-0.4
321.9375,14.5625,-1.0625,0.74,1,-0.69
322.125,14.9375,-0.8125,0.59,1.21,-0.82
322.4375,15.6875,-0.4375,0.45,1.06,-1.35
322.5625,16.125,-0.3125,0.06,1.16,-1.43
322.6875,16.5625,-0.1875,-0.07,1.11,-1.66
322.75,17,-0.0625,-0.33,1.07,-1.79
322.8125,17.3125,0,-0.47,1.15,-1.6
322.875,17.5625,0,-0.22,1.06,-1.35
322.875,17.8125,0,-0.18,0.96,-0.81
322.875,17.875,-0.0625,0.52,0.45,-0.12
322.875,17.875,-0.0625,0.77,0.35,0.35
322.875,18,0,1.08,0.23,0.5
322.875,18.1875,0.0625,1.19,0.27,0.63
322.9375,18.5625,0.1875,1.26,0.57,0.15
323.0625,19,0.5,0.77,1.22,-0.79
323.25,20.25,1.1875,0.2,1.88,-1.79
323.3125,20.875,1.5,-0.21,2.18,-2.2
323.3125,21.5,1.75,-0.53,2.25,-2.52
323.1875,22,1.875,-0.78,2.23,-2.8
323.0625,22.4375,1.9375,-1.16,1.83,-2.64
322.8125,22.75,1.8125,-0.97,0.96,-2.05
322.5,22.875,1.625,-0.69,0.44,-1.69
322.1875,22.875,1.4375,-0.06,-0.26,-1.4
321.625,22.875,1.125,-0.01,-0.31,-1.34
321.5,22.9375,1.125,-0.12,-0.1,-1.39
321.4375,23,1.3125,-0.43,0.33,-1.31
321.375,22.9375,1.625,-0.65,1.4,-1.27
321.3125,22.8125,1.9375,-0.55,1.89,-1.14
321.1875,22.625,2.1875,0.74,2.28,-0.52
320.9375,22.3125,2.375,1.06,2.19,-0.24
320.25,21.8125,2.4375,1.19,2,0.05
319.75,21.8125,2.3125,1.13,1.69,0.13
319.1875,21.9375,2.125,0.54,0.86,0.08
318.625,22.25,1.9375,0,0.5,-0.06
318.0625,22.625,1.8125,-0.48,0.12,-0.34
317.5,23,1.75,-1.62,-0.42,-1.21
316.9375,23.375,1.75,-1.87,-0.41,-1.39
316,23.75,2.0625,-1.92,-0.24,-1.55
315.6875,23.75,2.3125,-1.84,0.02,-1.65
315.375,23.6875,2.5625,-1.49,0.86,-1.59
315.125,23.5,2.8125,-1.23,1.34,-1.47
314.875,23.25,3.0625,-0.44,2.2,-0.65
314.5625,23,3.1875,-0.21,2.09,-0.37
314.1875,22.6875,3.1875,-0.12,1.75,-0.03
313.0625,22.4375,2.75,0,1.12,0.08
312.375,22.375,2.375,-0.2,-0.12,0.23
311.6875,22.5,2,-0.57,-0.63,0.21
311.0625,22.6875,1.6875,-0.9,-1.07,-0.09
310.5,22.9375,1.625,-1.41,-1.12,-0.35
310.0625,23.125,1.625,-2.36,0.17,-1.15
309.4375,23.0625,2.1875,-2.53,0.93,-0.92
309.1875,22.8125,2.4375,-2.28,1.5,-0.68
308.875,22.375,2.4375,-1.15,1.67,0.27
308.4375,21.875,2.3125,-0.35,1.3,0.81
307.9375,21.375,1.9375,1.04,-0.23,1.64
307.375,21,1.625,0.88,-0.41,1.55
306.875,20.8125,1.3125,0.42,-0.33,1.2
306,21.125,1.3125,-0.18,-0.02,0.73
305.6875,21.4375,1.5625,-1.43,0.91,-0.32
305.375,21.75,1.8125,-1.89,1.38,-0.79
305,21.9375,2.0625,-2.27,1.87,-0.99
304.625,21.9375,2.25,-2.32,2.1,-1.02
304.1875,21.75,2.25,-1.58,1.92,-0.53
303.6875,21.4375,2.125,-0.45,1.05,0.25
303.0625,21.0625,1.8125,0.03,0.55,0.59
301.8125,20.375,1.1875,0.18,-0.1,1.02
301.1875,20.25,1,0.04,-0.21,0.95
300.6875,20.1875,0.9375,-0.32,-0.18,0.77
300.125,20.25,1,-1.3,0.07,0.32
299.6875,20.375,1.0625,-1.61,0.19,-0.04
299.25,20.4375,1.125,-1.88,0.36,-0.4
298.8125,20.4375,1.1875,-1.55,0.27,-0.4
297.9375,20.0625,1.1875,-1.17,0.16,-0.33
297.5625,19.8125,1.1875,-0.8,0.09,-0.19
297.1875,19.5,1.125,-0.52,0.11,0
296.8125,19.25,1.125,-0.26,0.27,0.14
296.4375,19.0625,1.1875,-0.24,0.7,-0.04
296.125,18.875,1.3125,-0.38,0.9,-0.22
295.75,18.8125,1.5,-0.78,1.25,-0.49
295,18.75,1.6875,-0.98,1.32,-0.58
294.5625,18.75,1.75,-1.17,1.25,-0.55
294.125,18.6875,1.6875,-1.27,0.8,-0.53
293.625,18.5625,1.5625,-1.29,0.55,-0.48
293.125,18.4375,1.4375,-1.24,0.46,-0.37
292.625,18.25,1.375,-1.05,0.68,0.02
291.75,17.8125,1.4375,-0.93,0.86,-0.04
291.375,17.625,1.5625,-1.01,1.14,-0.07
290.9375,17.4375,1.6875,-1.09,1.45,-0.13
290.5,17.3125,1.9375,-1.31,2.02,-0.27
290,17.0625,2.1875,-1.18,2.29,-0.44
289.4375,16.875,2.375,-1.1,2.25,-0.4
288.875,16.625,2.4375,-1.08,1.89,-0.22
287.5,16.1875,2.375,-0.97,1.58,-0.35
286.75,15.9375,2.25,-1.04,1.24,-0.4
286,15.8125,2.1875,-1.49,0.93,-0.71
285.1875,15.75,2.125,-1.85,0.75,-0.89
284.4375,15.6875,2.0625,-2.41,0.7,-0.96
283.625,15.6875,2,-2.68,0.58,-1.17
282.875,15.625,1.875,-3.2,-0.24,-1.03
282.0625,15.4375,1.6875,-3.13,-0.78,-0.89
280.625,14.875,1.0625,-2.72,-1.37,-0.83
280,14.5,0.6875,-2.14,-2.1,-0.56
279.4375,14.0625,0.4375,-1.83,-2.22,-0.6
279,13.6875,0.3125,-1.55,-1.97,-0.72
278.75,13.3125,0.5,-1.39,-1.46,-0.99
278.5,12.9375,0.9375,-1.56,1.04,-1.83
278.3125,12.5625,1.4375,-1.57,1.71,-2.13
277.875,11.875,2.4375,-1.63,2.27,-2.44
277.5,11.4375,2.375,-1.64,2.17,-2.4
277.0625,11.0625,2.3125,-1.67,1.84,-2.16
276.5625,10.5625,1.875,-1.49,1.17,-2.1
276,10.125,1.375,-1.72,-0.72,-1.5
275.4375,9.625,0.8125,-2.01,-1.11,-1.14
275,9.125,0.375,-2.08,-1.26,-0.7
274.25,7.8125,-0.0625,-1.56,-1.23,0.09
274,7,-0.25,-0.96,-1.08,0.51
273.75,6.1875,-0.25,-0.15,-1.04,0.66
273.625,5.5625,-0.25,0.21,-0.75,1
273.5,5.0625,-0.125,0.75,-0.19,0.77
273.375,4.75,0,0.37,0.71,0.13
273.25,4.625,0.0625,-0.49,1.33,-0.52
272.875,4.5625,0.0625,-0.91,1.39,-0.76
272.625,4.5,-0.125,-1.28,1.22,-0.83
272.3125,4.375,-0.625,-1.46,0.78,-0.8
271.9375,4.1875,-1.3125,-1.34,-0.51,-0.22
271.625,3.9375,-2,-1.02,-1.29,0.15
271.375,3.625,-2.625,-0.78,-1.94,0.66
271.1875,3.375,-3.1875,0.23,-2.98,1.05
271.125,3.25,-3.5625,0.34,-2.8,0.78
271.3125,3.3125,-3.5,0.16,-2.27,0.48
271.5625,3.5,-3.125,-0.2,-1.62,0
271.8125,3.6875,-2.75,-1.22,-0.04,-0.87
272.0625,3.8125,-2.4375,-1.55,0.55,-1.26
272.25,3.8125,-2.3125,-1.75,0.97,-1.31
272.375,3.625,-2.4375,-1.38,0.81,-0.75
272.4375,3.375,-2.8125,-0.27,-0.46,0.46
272.625,3.0625,-3.4375,0.37,-1.02,1.27
272.9375,2.5,-4.6875,1.8,-2.42,1.64
273.375,2.625,-5.125,1.68,-2.28,1.94
273.75,2.875,-5.3125,1.71,-2.46,1.4
274.3125,3.3125,-5.25,1.04,-2.11,0.96
274.75,3.8125,-4.8125,-0.38,-0.77,0.02
275.1875,4.1875,-4.125,-1.32,0.42,-1.28
275.625,4.5,-3.625,-1.75,0.95,-1.32
276.0625,4.6875,-3.1875,-1.22,0.91,-1.51
276.875,4.4375,-2.875,-0.65,0.8,-1.42
277.1875,4.1875,-2.8125,-0.17,0.66,-1.23
277.5625,3.9375,-2.8125,0.5,0.79,-0.82
277.9375,3.75,-2.75,0.73,0.82,-0.74
278.1875,3.625,-2.6875,0.68,0.99,-0.49
278.4375,3.5,-2.6875,0.26,0.56,-0.21
278.5,3.5,-2.75,0.46,0.32,-0.58
278.625,3.5625,-2.9375,0.23,0.35,-0.69
278.9375,3.9375,-3.375,-0.27,0.14,-0.82
279.0625,4.125,-3.625,-1.24,0.31,-0.72
279.125,4.25,-3.875,-1.46,0.21,-0.65
279.1875,4.1875,-4.1875,-1.37,-0.12,-0.61
279.3125,4.0625,-4.5625,-1.21,-0.34,-0.31
279.375,3.8125,-4.8125,-0.72,-1.18,-0.23
279.4375,3.375,-4.875,-0.94,-1.35,0.61
279.4375,2.5,-4.375,-1.5,-2.22,1.12
279.5,1.9375,-4.0625,-1.28,-2.44,1.4
279.875,1.375,-3.75,-0.73,-2.15,1.63
280.25,0.75,-3.1875,-0.16,-2.06,1.73
280.6875,0.125,-2.4375,0.76,-1.44,1.46
281.3125,-0.1875,-1.5,0.74,-0.63,1.4
281.8125,-0.5625,-0.3125,0.53,0.82,0.61
282.25,-0.8125,0.875,-0.17,2.12,0.05
283,-1.1875,3.25,-0.37,2.55,-0.13
283.3125,-1.4375,4.0625,-0.3,2.77,-0.28
283.5,-1.6875,4.5625,-0.07,2.75,-0.29
283.625,-2.0625,4.8125,0.35,2.22,0.25
283.6875,-2.375,4.9375,0.81,1.79,0.48
283.75,-2.75,4.9375,1.17,0.68,1.2
283.6875,-2.9375,4.9375,1.1,0.3,1.16
283.4375,-3,4.9375,0.85,0.02,1.16
283.375,-2.875,5,0.55,-0.17,1.01
283.25,-2.75,5.1875,-0.07,-0.3,0.66
283.125,-2.625,5.5,-0.24,-0.25,0.34
283,-2.5,5.875,-0.44,-0.1,0.06
282.875,-2.5,6.375,-0.61,0.05,-0.12
282.75,-2.5,6.9375,-1.01,0.68,-0.14
282.5,-2.8125,7.9375,-0.82,0.82,-0.07
282.4375,-3,8.3125,-0.33,0.78,-0.01
282.375,-3.25,8.625,0.42,0.57,0.01
282.375,-3.375,8.875,0.77,0.63,-0.06
282.25,-3.4375,9.25,0.75,0.83,-0.03
282.125,-3.375,9.625,0.44,1.2,-0.38
282,-3.25,9.9375,0.08,1.45,-0.64
281.75,-3,10.25,-0.7,1.41,-0.99
281.4375,-2.8125,10.375,-1.52,0.83,-0.94
280.8125,-2.375,10.1875,-1.59,0.23,-0.92
280.5,-2.25,9.8125,-1.7,-0.33,-0.67
280.25,-2.25,9.375,-1.77,-0.94,-0.26
280.125,-2.25,8.9375,-1.11,-2.14,0.15
280,-2.375,8.6875,-1.05,-2.49,0.66
280,-2.4375,8.5625,-0.97,-2.66,1.17
280.125,-2.5,8.5625,-0.54,-2.43,1.69
280.25,-2.5,8.8125,-0.15,-2.19,1.38
280.9375,-2.125,9.625,-0.6,-1.61,1.66
281.3125,-1.875,10.1875,-0.16,-1.12,0.85
281.75,-1.5,10.8125,-0.36,-0.63,0.63
282.1875,-1.125,11.5,-0.38,-0.21,0.13
282.6875,-0.625,12.1875,-0.56,0.26,-0.31
283.125,-0.125,12.875,-0.91,1.25,-1.48
283.625,0.3125,13.4375,-1.17,1.58,-1.52
284.125,0.75,13.875,-1.21,1.77,-1.57
285.0625,1.3125,14.3125,-0.79,1.68,-1.52
285.5,1.5,14.375,-0.73,1.68,-1.11
285.875,1.5625,14.375,-0.42,1.29,-1.02
286.25,1.6875,14.1875,-0.13,0.85,-1.01
286.5625,1.875,14,-0.16,0.23,-0.74
286.9375,2.0625,13.8125,-0.51,0.01,-0.57
287.6875,2.5625,13.625,-0.74,0.45,-0.58
288.125,2.75,13.6875,-0.55,0.81,-0.77
288.5625,2.875,13.875,-0.33,1.18,-0.89
289,2.875,14.125,-0.2,1.64,-0.95
289.3125,2.875,14.375,-0.03,2.66,-0.53
289.5625,2.875,14.5,0.05,2.5,-0.4
289.6875,2.8125,14.5,0.12,2.11,-0.31
289.625,2.9375,13.8125,-0.04,1.08,-0.21
289.4375,3,13.3125,-0.37,0.6,-0.04
289.3125,3.1875,12.75,-0.67,0.17,0.06
289.125,3.3125,12.25,-0.99,-0.17,0.19
288.9375,3.5,11.8125,-1.17,-0.81,0.21
288.875,3.5625,11.4375,-1.15,-1.79,1.19
288.75,3.5625,11.1875,0.59,-1.75,2.4
288.8125,3.25,11.0625,-1.38,1.58,1.28
288.8125,3,11,-0.99,0.99,-1.15
288.625,2.75,11,3.05,-3.63,2.88
289.125,3.375,10.9375,0.55,1.69,-1.46
289.0625,4.0625,11.4375,-8.11,3.96,-1.81
288.5625,4.125,11.8125,-3.08,-0.74,-2.95
288.5,4.0625,11.6875,-0.55,0,0
288.5625,4,11.5,-0.05,0.2,0.08
288.5625,3.9375,11.25,0.06,-0.02,0.2
288.5,4.0625,11.25,-0.88,0.45,-0.42
288.5,4.1875,11.1875,-0.3,0.22,-0.09
288.4375,4.25,11.1875,-0.38,0.18,-0.25
288.4375,4.375,11.125,-0.39,0.14,-0.31
288.4375,4.5,11.125,-0.29,0.24,-0.05
288.4375,4.625,11.125,-0.37,0.16,-0.21
288.4375,4.875,11.125,-0.36,0.17,-0.17
288.4375,5.0625,11.1875,-0.34,0.15,-0.33
288.4375,5.1875,11.1875,-0.27,0.19,-0.39
288.4375,5.3125,11.25,-0.35,0.18,-0.41
288.4375,5.375,11.3125,-0.3,0.2,-0.32
288.5,5.375,11.4375,-0.3,0.16,-0.34
288.5,5.375,11.5625,-0.27,0.23,-0.38
288.5625,5.3125,11.75,-0.28,0.22,-0.24
288.5625,5.25,12,-0.29,0.2,-0.2
288.5625,5.0625,12.3125,-0.29,0.13,-0.16
288.625,4.9375,12.625,-0.32,0.13,-0.22
288.625,4.625,13.375,-0.17,0.1,-0.32
288.5625,4.5,13.75,-0.2,0.11,-0.46
288.5,4.3125,14.125,0.27,0.09,-0.35
288.25,4.1875,14.4375,5.37,-1.77,-0.13
287.3125,4.4375,15.0625,3.79,-3.48,1.25
286.25,4.875,17,-3.88,-0.58,-0.81
285.3125,5.75,19.625,-4.45,-1.63,-1.88
284.5625,6.375,22.3125,-4.89,1.04,-2.95
284.6875,7.125,26.375,-3.14,1.18,-1.86
285.25,6.875,27.8125,-0.1,2.15,1.16
286.375,7,28.4375,1.08,2.99,-0.4
286.6875,6.5625,29.4375,1.85,2.35,0.11
286.6875,6.1875,30.25,1.4,2.02,-0.01
286.5,6.0625,30.8125,-0.81,-0.13,-0.25
286.3125,6.0625,31,-0.28,0.19,-0.23
286.1875,6.125,31.125,-0.23,0.16,-0.2
286.1875,6.4375,30.875,-0.54,0.03,-0.36
286.1875,6.75,30.625,-0.51,0.02,-0.2
286.3125,7.0625,30.3125,-0.2,0.23,0.03
286.5625,7.375,30,0.31,0.68,0.19
286.75,7.5,29.875,0.45,0.64,0.22
286.6875,7.5,29.9375,-0.73,-0.03,-0.28
286.375,7.3125,30.375,-0.34,0.25,-0.18
286.375,7.25,30.5625,-0.16,0.19,0
286.375,7.1875,30.75,-0.29,0.16,-0.21
286.3125,7.1875,31,-0.06,0.21,-0.03
286.25,7.0625,31.25,0.19,0.21,0.13
286,6.9375,31.5625,-0.35,-0.03,-0.11
285.75,6.6875,32,-0.38,0.05,-0.19
285.5,6.5,32.5,-0.59,0.18,-0.1
285.1875,6.25,33.5,-0.24,-0.57,-0.19
285.0625,6.125,34,-0.69,0.91,-0.15
284.9375,6.0625,34.5,-0.54,-0.04,-0.46
285,6,34.9375,-0.77,-0.32,0.38
285.25,6.0625,35.375,-0.07,0.16,0
285.5,6.125,35.8125,0,0.47,-0.02
285.625,6.1875,36.25,-0.25,0.06,-0.02
285.625,6.0625,36.875,0.34,0.06,0.11
285.5,5.6875,38.25,-0.33,0.06,0.07
285.25,5.25,39.0625,-0.52,0,-0.47
284.9375,4.9375,39.8125,-0.34,-0.02,-0.29
284.9375,4.75,40.3125,0.09,0.3,0.1
284.9375,4.625,40.875,0.24,0.19,0.27
284.8125,4.3125,41.5,0.31,-0.3,-0.39
284.5625,3.8125,42.375,-1.11,0.02,-0.78
284.4375,3.0625,43.9375,-0.28,0.75,-0.27
284.4375,2.8125,44.625,0.2,-0.1,0.44
284.0625,2.125,45.5625,0.16,-0.58,-0.2
283.5,1.5,46.5,-1.46,0.18,-0.72
283.3125,1.125,47.125,-1.6,0.88,-0.73
283.3125,0.875,47.625,-0.34,-0.28,-0.13
283.25,0.5625,48.0625,-0.62,0.02,-0.49
283.1875,0.3125,48.5,-0.36,0.03,-0.31
283.125,-0.125,49.125,-0.22,-0.12,0.09
283,-0.375,49.5,-0.16,-0.17,-0.13
282.875,-0.625,49.875,-0.49,0.12,-0.07
282.8125,-0.875,50.3125,-0.24,-0.04,-0.05
282.6875,-1.125,50.8125,-0.15,0.17,0.24
282.5625,-1.5,51.375,-0.54,0.03,0.4
282.4375,-1.8125,52.0625,-0.3,0.14,-0.18
282.1875,-2.1875,52.75,-1.07,0.45,-0.19
282.0625,-2.75,53.75,-0.86,0.12,-0.44
282.125,-2.9375,53.9375,-0.41,-0.04,-0.62
282.1875,-3.0625,54.0625,-0.54,0,0
282.3125,-3.125,54.125,-0.28,-0.08,-0.23
282.3125,-3.1875,54.125,-0.53,0.07,-0.22
282.4375,-3.1875,54.125,-0.32,-0.04,-0.01
282.5,-3.25,54.0625,-0.21,-0.06,-0.39
282.5625,-3.25,54.0625,-0.77,0.35,-0.11
282.625,-3.25,53.875,-0.48,-0.1,-0.18
282.3125,-2.8125,52.8125,-4.13,-1.11,-7.22
282.625,-1.5,50.8125,-1.82,4.43,0.62
283.9375,0,48.875,0.16,-2.54,3.97
284.75,0.375,48.5,3.44,0.71,5.93
284.375,-0.25,49.5625,0.21,-0.21,-0.27
283.625,-1.1875,50.9375,-2.07,0.28,-2.49
283.1875,-1.75,51.75,-1.37,0.27,-1.9
283.5625,-1.125,50.625,-0.19,-0.06,0.62
283.8125,-0.5625,49.8125,1.05,-0.1,2.2
283.875,-0.5,49.75,0.7,0.21,2.3
283.75,-0.875,50.3125,-0.55,-0.3,-0.28
283.5625,-1.25,50.9375,-1.18,0.08,-1.31
283.5,-1.375,51.125,-1.21,0.13,-1.95
283.5625,-1.1875,50.8125,0.14,0.09,1.14
283.75,-0.75,50.125,0.1,0.06,1.2
283.6875,-0.875,50.3125,-0.09,0.19,0.47
283.625,-1.0625,50.6875,-0.46,-0.04,-0.13
283.5625,-1.1875,50.875,-0.86,0.15,-1.15
283.5625,-1.125,50.75,-0.22,0.02,0.25
283.625,-0.9375,50.4375,-0.06,0.08,0.6
283.6875,-0.875,50.3125,-0.3,0.07,0.07
283.625,-1.0625,50.6875,-0.55,0.02,-0.43
283.5625,-1.125,50.75,-0.67,0.05,-0.73
283.625,-1.0625,50.6875,-0.36,0.02,-0.05
283.625,-0.9375,50.5,-0.23,0.07,0.31
283.625,-0.9375,50.4375,-0.22,0.07,0.43
283.625,-1,50.5,-0.54,0.02,-0.46
283.625,-1.0625,50.6875,-0.57,0.07,-0.45
283.625,-1.0625,50.6875,-0.45,0.05,-0.19
283.625,-1,50.5,-0.32,0.03,0.13
283.625,-1,50.5,-0.3,0.03,0.16
283.625,-1,50.5625,-0.37,0.05,-0.08
283.625,-1.0625,50.6875,-0.47,0.04,-0.31
283.625,-1.0625,50.6875,-0.34,0.04,0
283.625,-1.0625,50.625,-0.3,0.04,0.1
283.625,-1.0625,50.5625,-0.31,0.04,0.12
283.5625,-1.125,50.625,-0.44,0.04,-0.18
283.5625,-1.1875,50.6875,-0.44,0.04,-0.27
283.5625,-1.25,50.6875,-0.41,0.03,-0.17
283.5625,-1.25,50.625,-0.35,0.06,-0.04
283.5625,-1.25,50.5625,-0.29,0.05,0.04
283.5,-1.25,50.625,-0.33,0.05,-0.03
283.5,-1.3125,50.6875,-0.37,0.04,-0.15
283.5,-1.375,50.6875,-0.33,0.06,-0.07
283.5,-1.375,50.6875,-0.3,0.05,0.04
283.5,-1.375,50.625,-0.29,0.07,0.04
283.4375,-1.4375,50.625,-0.35,0.05,-0.13
283.4375,-1.4375,50.6875,-0.36,0.05,-0.18
283.4375,-1.5,50.6875,-0.35,0.06,-0.14
283.4375,-1.5,50.6875,-0.31,0.06,-0.07
283.4375,-1.5,50.625,-0.3,0.06,0
283.4375,-1.5,50.625,-0.3,0.06,-0.11
283.375,-1.5625,50.6875,-0.34,0.05,-0.14
283.375,-1.5625,50.6875,-0.31,0.06,-0.06
283.375,-1.625,50.6875,-0.28,0.07,-0.02
283.375,-1.625,50.6875,-0.28,0.04,0
283.375,-1.625,50.6875,-0.28,0.05,-0.04
283.375,-1.625,50.6875,-0.31,0.03,-0.11
283.375,-1.6875,50.6875,-0.29,0.05,-0.08
283.3125,-1.6875,50.6875,-0.27,0.04,-0.03
283.3125,-1.6875,50.6875,-0.27,0.04,-0.05
283.3125,-1.6875,50.6875,-0.29,0.04,-0.07
283.3125,-1.75,50.6875,-0.28,0.04,-0.09
283.3125,-1.75,50.6875,-0.26,0.05,-0.04
283.3125,-1.75,50.6875,-0.24,0.06,-0.05
283.3125,-1.8125,50.6875,-0.25,0.07,-0.07
283.3125,-1.8125,50.6875,-0.28,0.05,-0.11
283.3125,-1.8125,50.6875,-0.28,0.06,-0.08
283.25,-1.8125,50.6875,-0.27,0.06,-0.06
283.25,-1.8125,50.6875,-0.25,0.05,-0.07
283.25,-1.875,50.6875,-0.28,0.05,-0.08
283.25,-1.875,50.75,-0.27,0.07,-0.06
283.25,-1.875,50.75,-0.24,0.04,-0.08
283.25,-1.875,50.75,-0.25,0.05,-0.07
283.25,-1.9375,50.75,-0.25,0.02,-0.03
283.25,-1.9375,50.75,-0.27,0.05,-0.04
283.25,-1.9375,50.75,-0.24,0.05,-0.08
283.1875,-1.9375,50.75,-0.25,0.02,-0.06
283.1875,-2,50.75,-0.24,0.13,-0.07
283.1875,-2,50.75,-0.18,0.04,-0.02
283.1875,-2,50.75,-0.29,0.08,-0.04
283.1875,-2,50.75,-0.19,0.04,-0.15
283.1875,-2,50.75,-0.28,0,-0.08
283.1875,-2.0625,50.75,-0.15,0.05,-0.02
283.1875,-2.0625,50.75,-0.28,0.1,-0.07
283.1875,-2.0625,50.75,-0.24,0.02,-0.06
283.1875,-2.0625,50.75,-0.22,0.06,-0.1
283.125,-2.0625,50.75,-0.24,0.03,-0.08
283.125,-2.0625,50.75,-0.23,0.05,-0.05
283.125,-2.125,50.75,-0.22,0.04,-0.08
283.125,-2.125,50.75,-0.25,0.01,-0.06
283.125,-2.125,50.75,-0.2,0.06,-0.1
283.125,-2.125,50.75,-0.19,0.05,-0.05
283.125,-2.125,50.75,-0.22,0.03,-0.06
283.125,-2.125,50.75,-0.24,0.06,-0.06
283.125,-2.1875,50.75,-0.23,0.04,-0.07
283.125,-2.1875,50.75,-0.2,0.04,-0.07
283.125,-2.1875,50.75,-0.21,0.04,-0.06
283.125,-2.1875,50.75,-0.21,0.06,-0.06
283.125,-2.1875,50.75,-0.21,0.04,-0.09
283.0625,-2.1875,50.75,-0.23,0.02,-0.06
283.0625,-2.25,50.75,-0.22,0.05,-0.04
283.0625,-2.25,50.75,-0.2,0.05,-0.04
283.0625,-2.25,50.75,-0.2,0.03,-0.08
283.0625,-2.25,50.75,-0.19,0.07,-0.05
283.0625,-2.25,50.75,-0.2,0.06,-0.08
283.0625,-2.25,50.75,-0.2,0.04,-0.04
283.0625,-2.3125,50.75,-0.19,0.02,-0.06
283.0625,-2.3125,50.75,-0.19,0.05,-0.09
283.0625,-2.3125,50.75,-0.21,0.04,-0.07
283.0625,-2.3125,50.75,-0.19,0.05,-0.06
283.0625,-2.3125,50.75,-0.19,0.02,-0.04
283.0625,-2.3125,50.75,-0.19,0.03,-0.06
283.0625,-2.3125,50.75,-0.19,0.03,-0.05
283.0625,-2.3125,50.75,-0.19,0.05,-0.06
283,-2.375,50.75,-0.19,0.05,-0.06
283,-2.375,50.75,-0.19,0.06,-0.06
283,-2.375,50.8125,-0.17,0.06,-0.12
283,-2.375,50.8125,-0.18,0.04,-0.08
283,-2.375,50.8125,-0.2,0.03,-0.03
283,-2.375,50.8125,-0.17,0.05,-0.01
283,-2.375,50.8125,-0.2,0.05,-0.08
283,-2.375,50.8125,-0.19,0.02,-0.05
283,-2.375,50.8125,-0.18,0.03,-0.04
283,-2.4375,50.8125,-0.19,0.05,-0.07
283,-2.4375,50.8125,-0.19,0.03,-0.06
283,-2.4375,50.8125,-0.16,0.01,-0.06
283,-2.4375,50.8125,-0.17,0.03,-0.06
283,-2.4375,50.8125,-0.18,0.02,-0.07
283,-2.4375,50.8125,-0.19,0.01,-0.04
283,-2.4375,50.8125,-0.15,0.04,-0.08
283,-2.4375,50.8125,-0.16,0.05,-0.06
283,-2.4375,50.8125,-0.19,0.03,-0.05
283,-2.4375,50.8125,-0.17,0.04,-0.05
282.9375,-2.5,50.8125,-0.17,0.03,-0.05
282.9375,-2.5,50.8125,-0.17,0.04,-0.06
282.9375,-2.5,50.8125,-0.18,0.02,-0.05
282.9375,-2.5,50.8125,-0.17,0.04,-0.02
282.9375,-2.5,50.8125,-0.18,0.05,-0.04
282.9375,-2.5,50.8125,-0.17,0.04,-0.05
282.9375,-2.5,50.8125,-0.17,0.04,-0.05
282.9375,-2.5,50.8125,-0.15,0.03,-0.05
282.9375,-2.5,50.8125,-0.16,0.04,-0.07
282.9375,-2.5625,50.8125,-0.16,0.03,-0.05
282.9375,-2.5625,50.8125,-0.17,0.03,-0.04
282.9375,-2.5625,50.8125,-0.14,0.02,-0.03
282.9375,-2.5625,50.8125,-0.15,0.02,-0.07
282.9375,-2.5625,50.8125,-0.17,0.03,-0.05
282.9375,-2.5625,50.8125,-0.15,0.03,-0.05
282.9375,-2.5625,50.8125,-0.16,0.03,-0.06
282.9375,-2.5625,50.8125,-0.16,0.03,-0.06
282.9375,-2.5625,50.8125,-0.14,0.03,-0.06
282.9375,-2.5625,50.8125,-0.16,0.04,-0.05
282.9375,-2.5625,50.8125,-0.15,0.04,-0.04
282.9375,-2.5625,50.8125,-0.15,0.03,-0.07
282.9375,-2.625,50.8125,-0.16,0.03,-0.05
282.9375,-2.625,50.8125,-0.14,0.02,-0.06
282.9375,-2.625,50.8125,-0.16,0.03,-0.04
282.875,-2.625,50.8125,-0.15,0.03,-0.03
282.875,-2.625,50.8125,-0.14,0.03,-0.06
282.875,-2.625,50.8125,-0.16,0.02,-0.07
282.875,-2.625,50.8125,-0.14,0.04,-0.05
282.875,-2.625,50.8125,-0.13,0.02,-0.05
282.875,-2.625,50.8125,-0.16,0.02,-0.07
282.875,-2.625,50.8125,-0.15,0.02,-0.07
282.875,-2.625,50.8125,-0.15,0.02,-0.07
282.875,-2.625,50.8125,-0.13,0.03,-0.05
282.875,-2.625,50.8125,-0.13,0.01,-0.05
282.875,-2.625,50.8125,-0.13,0.02,-0.04
282.875,-2.6875,50.8125,-0.13,0.07,-0.06
282.875,-2.6875,50.8125,-0.13,0.05,-0.06
282.875,-2.6875,50.8125,-0.15,0.05,-0.05
282.875,-2.6875,50.8125,-0.13,0.03,-0.06
282.875,-2.6875,50.8125,-0.15,0.04,-0.07
282.875,-2.6875,50.8125,-0.15,0.03,-0.04
282.875,-2.6875,50.8125,-0.13,0.06,-0.06
282.875,-2.6875,50.8125,-0.13,0.06,-0.06
282.875,-2.6875,50.8125,-0.12,0.02,-0.08
282.875,-2.6875,50.8125,-0.15,0.09,-0.08
282.875,-2.6875,50.8125,-0.05,-0.04,-0.02
282.875,-2.6875,50.8125,-0.22,-0.02,0.03
282.875,-2.6875,50.8125,-0.25,-0.05,-0.01
282.875,-2.6875,50.8125,-0.16,0.1,-0.08
282.875,-2.6875,50.8125,-0.04,0.04,-0.02
282.875,-2.75,50.8125,-0.13,0.07,-0.03
282.875,-2.75,50.8125,-0.15,0.03,-0.1
282.875,-2.75,50.8125,-0.14,0,-0.01
282.875,-2.75,50.8125,-0.07,0.06,-0.03
282.875,-2.75,50.8125,-0.17,0.03,-0.07
282.8125,-2.75,50.875,-0.12,0.06,-0.08
282.8125,-2.75,50.875,-0.16,0,-0.05
282.8125,-2.75,50.8125,-0.1,0.02,-0.04
282.8125,-2.75,50.8125,-0.11,0.04,-0.01
282.8125,-2.75,50.8125,-0.12,0.02,-0.06
282.8125,-2.75,50.8125,-0.12,0.04,-0.11
282.8125,-2.75,50.8125,-0.11,0.04,-0.03
282.8125,-2.75,50.8125,-0.12,0.05,-0.04
282.8125,-2.8125,50.8125,-0.09,0.03,-0.02
282.8125,-2.8125,50.8125,-0.12,0.02,-0.03
